"vib_rms","vib_mean","vib_std","current_rms","current_mean","current_std","rpm","temp_C","status"
0.25894425888552314,0.20840964175388374,0.08491632101353659,2.371052176407382,1.9749823442983858,0.2835526106917701,989.9661934751869,38.999149805655264,OVERCURRENT
0.37738951437902757,0.30500207078240693,0.1395496983753506,0.35344569573644335,0.29133607650319715,0.10599964123095941,994.8328013991523,73.3498635577101,OVERHEAT
0.41733947919578784,0.29059672307256035,0.11181993083714756,0.2090612338088018,0.2792117907943683,0.08748409297901981,916.2933107868038,41.00764946198588,NORMAL
0.42969302619671046,0.22088120103782904,0.19698310361214355,0.265199152003353,0.20262777751128075,0.0750162893478773,950.5561832378145,42.35431052215881,NORMAL
0.3929515265070336,0.3903539862882014,0.23826694730216486,1.709909118942213,1.9757388009292796,0.3160761930053866,943.7760992771291,41.77233170730808,OVERCURRENT
2.272325338563608,0.5015746471982594,0.7081115991440573,0.4076099935394181,0.34933314340539723,0.0989428196287831,847.918044323957,52.915378477143676,UNBALANCE
0.6436576229416674,0.11966526462248539,0.08647762760629035,2.4137269511699078,1.9731728850287662,0.20133305819759606,936.6702434931789,38.00432081894429,OVERCURRENT
2.1339173355616796,0.7818848256484991,0.9103265156513871,0.5859059584947968,0.6441971943378499,0.09806704124556523,759.8572899067359,52.83156188167088,UNBALANCE
0.05755734103222369,0.025821723341684484,0.018752888128878365,0.05277743920279208,0.03318200585434768,0.028388131279110787,4.508881435974024,25.192224024895907,STOPPED
0.3092217767183614,0.29963166266551855,0.18473086742225442,2.4567074668844167,2.260031972207695,0.14309270283357065,941.6869304638659,43.87146698513713,OVERCURRENT
0.6186715440003223,0.15304772463692912,0.08490368554488548,1.9854689628032105,2.21843259159649,0.25552903409865124,974.7071433871391,45.82247537807658,OVERCURRENT
0.34417217495301233,0.18898753530971052,0.12025982260968851,2.0948932054967386,2.206853376449165,0.1856015252903841,920.7282631610934,43.24354315669234,OVERCURRENT
0.4554022836563068,0.10736441323032918,0.06135184127339628,2.273688078875833,1.5790495172298573,0.28672607439721104,800.7892624643434,52.63308076242642,OVERCURRENT
1.9275107394594033,0.8325367954952982,0.6972373994141691,0.4912140721609391,0.6997538369629471,0.15772276208899785,836.9834630663499,36.72320856497212,UNBALANCE
2.0019654772192452,0.9784133249087786,0.788372056374437,0.7988747986346618,0.5135913689918481,0.18155426979927836,899.5653287345784,47.710498153615056,UNBALANCE
0.06197352263491678,0.02033492346771631,0.026466935744322153,0.07487962144965345,0.06432033748280319,0.015847974334509882,14.10916661773494,41.27641260092717,STOPPED
0.5965539160582656,0.23202091655503362,0.1896902861521776,0.338950200014559,0.20132975433861558,0.07235744656327853,945.5768159839589,29.16209668015132,NORMAL
2.319256842402388,0.9958923497852454,0.9172923542242084,0.30017295020855533,0.3161906231873294,0.10679026645479826,903.4966249561649,52.191623247098434,UNBALANCE
0.4625861092358364,0.30576362177537886,0.16640035322243246,2.2505531249975452,2.268043062680392,0.1818362226856453,995.7785622368266,35.521604422937884,OVERCURRENT
0.07913731252486256,0.03940032124644369,0.026365696567962307,0.09624087232355755,0.03427536604993225,0.018192182350457647,12.475156801607337,27.091281516844923,STOPPED
0.060216452412684085,0.044902998432084625,0.018073545671252644,0.0029813750977155996,0.06967508620476862,0.005589592879791652,2.5043909029203837,38.77421052202459,STOPPED
0.02327814755041239,0.03668444696905257,0.011481370186265894,0.04943527328055928,0.03654493181191799,0.0041207332005448105,14.06206793791391,33.169816647620856,STOPPED
0.6585221985897598,0.19411724580239242,0.13932661568749327,1.8206490376584448,1.4748535908624762,0.10736619797006387,926.4929830635291,42.08615694361444,OVERCURRENT
0.6130289284274332,0.14308264450988062,0.07037899372134726,0.2611777101419199,0.25871225381058444,0.08940700992618279,875.6801614677246,65.3332737896497,OVERHEAT
0.512741029570357,0.10836392301892234,0.1817922729261044,0.40485915880027457,0.21323327497274192,0.08651184193703702,985.7987429447319,39.13195758921926,NORMAL
0.21686213902839932,0.25528533011403726,0.07921721074280862,0.28912167745520656,0.3737226230171228,0.07056964433208225,961.4735084980864,37.327553801612204,NORMAL
0.4707550229792764,0.21000960902109567,0.12075016981283047,2.3046511380639734,2.0981721156276354,0.36232853140293153,810.935672451297,53.35186296177373,OVERCURRENT
0.49657245609465683,0.29067611544870964,0.16543003014096075,1.559049090926517,2.1747014451552213,0.38064649302576004,975.0828098541971,34.045018949670904,OVERCURRENT
0.3616733769017094,0.22327525452240593,0.06137218589297955,0.6386273290779988,0.5840724765183833,0.146289731852534,934.0567959555569,79.56260671082454,OVERHEAT
0.43368881377722746,0.16140218689702288,0.15313569510028585,0.380348579430713,0.5076183172930189,0.1389067259181895,883.2437561799617,60.56163216066214,OVERHEAT
0.2066493048843674,0.1494525438661692,0.07944003995816469,2.160920303352176,1.7519287700220254,0.20013692847818393,969.1721759999324,44.967774523735976,OVERCURRENT
0.03267855088275545,0.007660089376411683,0.043086301669596545,0.016890458908514816,0.017945109886124362,0.020817491239397003,15.261970356277505,42.55028410903724,STOPPED
0.6101756812542145,0.163976848368048,0.24418556537568703,1.7396306118285874,2.016930319057888,0.32001294535819164,876.1861565040597,50.00792863747017,OVERCURRENT
0.007205456203932492,0.009866676196040109,0.03792313797947758,0.06062587739869932,0.04844783050755997,0.0025759347758898465,19.160683344504914,36.698403397463665,STOPPED
0.23042608191558883,0.25045634039404163,0.06674642194909683,0.36493059481783074,0.14180908328417774,0.08820650628744055,955.3726592530913,36.959441880623245,NORMAL
2.4733708233517406,0.8826861348758375,0.5651649319296841,0.7753765092224674,0.4538220276323155,0.0539894011095271,858.5428201262016,50.70674848766188,UNBALANCE
0.45214359538627935,0.3582900411529282,0.18553743424498065,0.5261247225224746,0.494357027586232,0.1345268851260924,998.0847377343056,77.3578671474161,OVERHEAT
0.03834400673942373,0.021366236752967307,0.009122070911042413,0.011519314107378886,0.059237456962024586,0.003923802245092301,7.073638134281279,35.2991207036269,STOPPED
0.28507523408540786,0.3161958900589684,0.1293707829399034,1.6742123350198492,1.538591568192376,0.23760910760516246,825.099726204637,40.296840465062076,OVERCURRENT
0.006081738657667113,0.03966621466189783,0.04593917116286564,0.042372940883953616,0.003808839464699858,0.02604172139403444,3.5549727923796004,30.958328762216144,STOPPED
2.2663785485003305,0.5308525822658571,0.5610000062974821,0.3237886385437425,0.6396087448055117,0.05158277866271225,716.8263347750161,32.06717958796696,UNBALANCE
0.5009715053419499,0.3564974220862831,0.10139670458826133,1.7111865338839976,1.700610263384765,0.2694115573787291,934.7627886181288,30.268142557248023,OVERCURRENT
0.4502660055902254,0.1948063380402806,0.19475899622588017,0.37166061330998523,0.3822177834237539,0.058009649513640266,932.9911121736867,70.06138885361955,OVERHEAT
0.037755733565066896,0.04236765653245611,0.013809216888393745,0.04138396004333124,0.031230639783864537,0.004615291704167652,3.1604081614286184,42.43165083335257,STOPPED
0.09040007189832625,0.020031621529902174,0.027051218131626167,0.09920982088223063,0.005700089124208718,0.008842274866041446,2.8709187322900864,35.0102827019649,STOPPED
0.6871086018345256,0.3159388300392205,0.05044536620415072,0.48235198980074917,0.22193388728910596,0.13992290683962044,871.906467158383,78.93174996440189,OVERHEAT
0.04915660105563255,0.030910274130343925,0.029852613124745582,0.023278254410253243,0.015521484307912914,0.0059011309543207,3.2753466299546075,28.34953321473211,STOPPED
0.5603113053661747,0.25842020793589227,0.12559480317824184,1.7659857742757388,1.7466587508410039,0.36886205105606673,828.922761217985,39.87149325444215,OVERCURRENT
0.041896929387164994,0.011267766702231608,0.012598117655256275,0.04724534746634812,0.005338969278337329,0.0036506952235617206,0.09319546104385124,27.17929284635113,STOPPED
0.46310203432613334,0.24608101718387262,0.1445039592159988,0.22398850651615226,0.1824982964702234,0.1190614664103402,852.4933935693493,66.78133481122212,OVERHEAT
0.574932985625769,0.2506844507865193,0.11670847598488517,0.17801721971370046,0.12301941547510951,0.05160416507499596,978.6974388434495,31.20757104258754,NORMAL
0.00282895685628799,0.038920070933331996,0.02904749807051025,0.01117367413163195,0.034161183209512655,0.01573195381609119,6.9652691805219185,42.281922322671804,STOPPED
0.2764997266651847,0.3800094608590949,0.054676508445699296,2.3595900551306856,1.9435967214298455,0.39486196515170435,948.1742848932715,37.98238459836196,OVERCURRENT
1.868783907924498,0.9720909938123311,0.9456248444724897,0.4171541434591436,0.4014820638868932,0.16588421950574384,923.5560063044783,32.80049140325129,UNBALANCE
1.528727413769035,0.9617153576508191,0.8472466927672149,0.5244109904640764,0.6041121497716482,0.16452895957460317,814.6327684453723,42.66747847312588,UNBALANCE
0.580246907406955,0.36367932621955057,0.1364285240143594,0.3275012227127809,0.21500430970102974,0.07943343466337158,916.4382789908877,29.30553658519102,NORMAL
0.4680136546986472,0.24334432655408147,0.08869403872428615,0.4915832928950571,0.4965577187765746,0.1276756187799795,908.5023034620574,64.26267357059183,OVERHEAT
0.44772060139154446,0.3446864203169811,0.13844085836407732,0.22490027976164637,0.3104017253257554,0.054989283976741174,903.3909126225284,30.027379261016623,NORMAL
0.29793181441885425,0.25964356529377364,0.22442967718655887,1.9061384435583415,2.2700064441557375,0.3743496663639919,969.5464579086643,51.10973101204295,OVERCURRENT
0.4984669586084232,0.20889220819104498,0.08552772269840421,0.4444481812867559,0.37674781535747437,0.09056813502220612,936.5122644983137,42.707192931454536,NORMAL
0.501474471658124,0.2030473623091808,0.14029552485529667,2.308315372115998,1.6767725374662668,0.37550305243644955,943.6723507645424,42.878346195601075,OVERCURRENT
0.053534644504908246,0.025973597343548333,0.03171145924176704,0.00021736486604242435,0.019245812085473945,0.021166637744724687,7.846436841077697,43.26360205938762,STOPPED
0.3278231664629099,0.27625723317612966,0.13505004190860542,0.44229547436392247,0.44254201562452256,0.05163187517192243,954.8993646478681,67.23306228838184,OVERHEAT
0.05102479186216257,0.01056888230201018,0.04698010515555662,0.09793218316629748,0.07878211896333634,0.020139572278099385,17.280448374659862,36.162399898167514,STOPPED
0.04101847370982188,0.009727919901075011,0.027754543200546003,0.06394213250384781,0.04903814624347962,0.010675465741806615,14.65570873042828,36.18108945119889,STOPPED
0.6795302729064133,0.13091345013302622,0.16486260753908258,0.23236730646723747,0.591416340982098,0.13595434163433162,964.9386486795031,72.40498157882277,OVERHEAT
0.5912220614326493,0.34390429723526716,0.08598727392187606,0.5990460959681874,0.21030836993660268,0.10346807453409855,857.595597188135,82.71307680539338,OVERHEAT
0.6713739321353163,0.24110921096492824,0.24684532941972165,2.2982716437579667,2.0918477987093675,0.23970814718378264,895.431280903677,31.01763051267945,OVERCURRENT
0.48113999999025736,0.12550916966028913,0.10185881870138687,0.2053653692017084,0.23121924624055373,0.07038703102359781,933.4775953384601,31.910301165028955,NORMAL
2.26524237172972,0.6127667361026349,0.5140935151290804,0.41836801921522365,0.3190972040149788,0.19286945855631532,941.7153716701544,48.886020215512474,UNBALANCE
0.4992157945822647,0.2440665531560291,0.1451710089785384,0.2431529548001523,0.4204083090344024,0.0327807806855993,962.2659866584888,72.25828218414513,OVERHEAT
1.7727715234038142,0.6287048799955666,0.8765488022076857,0.3101980355979528,0.6089946203937233,0.09877356634147441,928.2575122904236,37.21562588732094,UNBALANCE
0.47340987773523,0.1526703928748272,0.1247380256726379,0.16939746330821584,0.11661002722139857,0.06846550178117813,936.7958626893113,41.67255396867748,NORMAL
0.5895821355301699,0.14531914937430795,0.19624169319948032,2.375687721360058,2.125175499452551,0.30263579868980484,850.0046728139918,31.158322117952398,OVERCURRENT
0.6444025487087811,0.16895267752833443,0.07866784670975671,0.20684603845664995,0.5176610057870125,0.10933554629559719,933.6107800530043,81.18835091784221,OVERHEAT
0.08348463348113283,0.022031139197487455,0.008337514744231523,0.061272594804336736,0.07163112397676707,0.0026196258124476612,13.423232340529923,25.019528170146724,STOPPED
0.24940889682622946,0.16446644955658501,0.2041418590390185,0.4927407414379466,0.49576593375146427,0.04505849897418629,967.5269543499128,66.60099505888634,OVERHEAT
0.04772406623130653,0.029410087203526558,0.0057570166036362115,0.08772970394655069,0.05663624679026615,0.009520216741604644,2.8862707202697746,28.925949200849306,STOPPED
0.06883273701418262,0.011596081709360407,0.035027898132950396,0.09923770935559884,0.03897355610095292,0.02594135961725383,6.821213124945156,40.29865769646217,STOPPED
0.46087383563059836,0.20746207267179312,0.21006030898978295,0.5680336368825822,0.388923372554077,0.14136049968616016,989.2530159959632,71.57390703088348,OVERHEAT
0.028712460280176058,0.018451778639799826,0.010468802465318417,0.03786919631648128,0.06395289170254415,0.010371154420455763,11.976129519044514,29.802420920473686,STOPPED
0.20144290850745056,0.25073858488994005,0.17939365085912445,2.146137344361514,2.223279295057057,0.2788834166382601,812.1653624948663,35.57869281987369,OVERCURRENT
0.3606217064445273,0.28816428755551654,0.12366308178511617,0.1621578795759225,0.3479574092641107,0.05956393232201038,926.8503946169365,44.91964197995587,NORMAL
0.43382499693672305,0.162513300931925,0.06404804412718826,0.4526403562836209,0.30373077349649746,0.12741160447287087,950.8498997792938,63.7903553503226,OVERHEAT
1.7755492054490163,1.1238406601705635,0.8700195087760656,0.5478044710862559,0.357573372981716,0.14057165187506912,777.564808147354,47.358309966514355,UNBALANCE
1.9008057652250585,0.7546993087403645,0.5407231289145202,0.7525484088181263,0.3045878690482263,0.1518078729536151,768.7107400578848,47.64261030527899,UNBALANCE
2.373908531064153,0.8284562325874345,0.792650353414526,0.6939583515678753,0.6228351147134377,0.10850502326479863,935.945721156415,40.314335961594914,UNBALANCE
0.028901273821458563,0.016824976529714705,0.020311653934969805,0.005752263399491697,0.06042728581090102,0.014545508082367292,14.296072894762517,32.83258903091159,STOPPED
1.776926893005278,0.5418012528406077,0.7749314540021828,0.5083121633052659,0.5947671878759442,0.17905108020161176,941.6698182410491,43.51797054532096,UNBALANCE
0.4149927511782965,0.20252555992202587,0.12464609902378297,0.604378231889052,0.4637664614807647,0.09576998089809349,927.1527903999324,76.18084438198564,OVERHEAT
0.35046733248911477,0.31248031387006675,0.06138346198433482,0.45292833966395596,0.5922523465553975,0.06824009791074084,909.012529744348,73.87606970485317,OVERHEAT
0.6824973113839348,0.1762913367435703,0.21407270110068988,2.150495439980981,1.505483828124919,0.3426239403669291,963.9635688252134,48.35266143034756,OVERCURRENT
0.42505619599128164,0.18790545352995663,0.17274825546497413,0.6002430712208939,0.5304902589299595,0.04065733720586449,854.3188182197655,79.58646583734627,OVERHEAT
2.146482571219927,0.5684787920358855,0.8949874855154938,0.7196617357058155,0.2702387784492635,0.06416584013613177,709.5575265187889,38.47852845211475,UNBALANCE
0.3417501132815608,0.18539039174910987,0.09676086178252574,0.5189329748840337,0.34581379614207763,0.10862185104526877,937.7031910015022,81.68673075334242,OVERHEAT
0.3111235013787824,0.22566510948807283,0.10208480983791123,2.167429599267451,1.7856146595078133,0.307077548769847,961.0145731494424,44.19526480334691,OVERCURRENT
0.029595862670366426,0.026577030198521062,0.04646539303737207,0.02886294886641896,0.02793482431913054,0.008536729035653902,16.086720921204975,41.84001593800261,STOPPED
1.5783115970277861,0.718211411579277,0.9754069419967093,0.3894183839495848,0.5585376365526041,0.19363309024615621,850.0679733884018,42.01100492376209,UNBALANCE
1.5832219298108887,1.1518481883844842,0.8440323656455018,0.47074465431480145,0.5604299023795098,0.19968973963817327,723.9787748599122,34.85989231563546,UNBALANCE
0.2699782561449836,0.18732580048887618,0.16297929947674344,2.217138877131249,1.9778117872160383,0.11233225479290876,875.5821518137113,31.131876659910116,OVERCURRENT
0.505022949750631,0.36755915669268635,0.11275492354905484,2.1888812364747237,2.2701649544716567,0.2206387427408311,829.2682075925219,37.79801209710821,OVERCURRENT
0.4876473496225368,0.27650443396799407,0.06805517254064052,1.502632712930367,1.8347773236324376,0.2684291259199052,983.8223420086592,35.69134074632453,OVERCURRENT
0.43583697214251127,0.13178967998691352,0.14113737340232327,1.6434489005780828,2.172167703865762,0.38486138175874574,842.7180608691463,30.28313675516629,OVERCURRENT
0.49046918220926145,0.27739421770534645,0.22118209554779017,1.9086897203976427,1.9426619302323713,0.2718008745475178,861.6023993491536,54.54960216126871,OVERCURRENT
0.33020573663408187,0.3180728514424651,0.1055817844318391,0.25558865994274216,0.10445395337681246,0.027009465484178544,957.8883932372439,39.562252001505854,NORMAL
0.0823729279675225,0.03495425117511566,0.010382385852863236,0.010195344245227812,0.05482371665641446,0.024094809341647712,17.06839853478429,38.93349078626331,STOPPED
0.00963316995860113,0.026460011025899673,0.0288745226880628,0.06103330985879168,0.029607770643523247,0.01479910241707897,4.985601679186864,42.3433691543989,STOPPED
0.04811223292791083,0.03300629908336835,0.021344307958836118,0.09258267744924098,0.05263356984599453,0.003600244385502028,12.109741995822645,37.46530160269544,STOPPED
2.2048159419672846,0.5502838858352714,0.848735490418759,0.7527626344414117,0.2495206217151963,0.13936709323227187,792.4984486435063,53.123577943762555,UNBALANCE
0.20346780706031675,0.31097754028264263,0.0782486098186352,0.5563632236152876,0.18339033695813906,0.0971177847364876,906.1616174143145,68.1857633549065,OVERHEAT
2.1759562147319884,1.023439667755131,0.9912713075334183,0.7326349849299316,0.3152840997527089,0.12816560708629177,851.054545659347,53.67365441723311,UNBALANCE
2.1583983504631754,0.9695201115112511,0.8275453734883698,0.5766616536206115,0.6664233797812781,0.15202126773873925,922.9114332575377,41.35497425079046,UNBALANCE
0.2994058955231773,0.1529537374613644,0.11324706713489291,0.2828283066297238,0.24419915252528132,0.05455869150725984,980.2083928976015,33.18522669874946,NORMAL
0.4212191093117582,0.10797210260366187,0.10961588661785737,1.7092230244428865,1.5938554971148402,0.2382435638868074,921.1395196379476,50.836351336158295,OVERCURRENT
0.6526700939665564,0.22829079902807653,0.1836875007059729,1.827319281386396,1.5006515599428811,0.11954828719612652,871.755440768891,32.98157243314701,OVERCURRENT
0.5282201739839416,0.3561383272182098,0.13673933707863295,0.3650580077593739,0.21824101326339873,0.07902815958834866,932.5645926013266,69.89584999895519,OVERHEAT
0.0641164153577755,0.04786016088091911,0.04154800503117554,0.06318029107928361,0.06472684310007225,0.02950561630159674,12.043682388360683,32.63204128291821,STOPPED
2.362884938166242,0.5062381321370244,0.9611833059601436,0.5162217347728695,0.5529960449443512,0.06256516336939287,731.6682053293874,41.00180246672711,UNBALANCE
0.048815878379534466,0.019349108975271617,0.040851216379819505,0.06385653964475894,0.06229991002702728,0.02275265337666966,19.498647001576103,36.46474204707509,STOPPED
0.021634503535186422,0.018219356528045294,3.0140557338464992e-06,0.035602309777527895,0.043168417420561,0.00978963047505852,17.35660170826193,39.46334328599143,STOPPED
0.5825155713040244,0.1851102650815575,0.08728115848501858,0.5283620743975656,0.37762824645899584,0.1396402017327008,863.7645245169823,70.59285615830481,OVERHEAT
0.5101670533752722,0.2609713927654824,0.07104816904202021,0.20234091919430072,0.22094747861822683,0.021857328422673374,964.73290156224,28.94081584860395,NORMAL
2.1497937059931953,1.0150394368629176,0.7517135940499711,0.4659147355502485,0.5356236363902601,0.16361753202605794,860.4356664508795,31.9761801132846,UNBALANCE
0.37596225299866565,0.32326625394635244,0.05556138919947684,0.3490870407405745,0.3963488116057172,0.08047743552904228,974.6085197025443,32.40101991626143,NORMAL
0.5201696144340517,0.22711779146106015,0.21135343042478905,0.5658074057776764,0.5426926259993657,0.12424829257308674,869.1409317098428,72.10920053174893,OVERHEAT
0.009932888491757386,0.0011253403831363862,0.013639320629781,0.043174236656532076,0.04761697346484466,0.0008719294089736562,6.98606663930426,25.3431605164658,STOPPED
2.2637744107111826,0.5479882193146398,0.8253845872993273,0.633100529704536,0.60101343944909,0.10123721377864267,935.0881040330202,42.165374049965834,UNBALANCE
0.4538053738385837,0.13711026201995669,0.055177329164565816,0.20621845446674228,0.22578905935493684,0.043091973164762036,925.5778028693684,35.68026896689878,NORMAL
0.6728997817851897,0.19235316720803602,0.08919221899780977,0.6621321469357393,0.1512938634967293,0.07424448808503539,972.4872683983176,70.10464535403193,OVERHEAT
0.48121865457021423,0.3384098089435412,0.14059349159296597,0.3682031076315082,0.3048428536298796,0.06929053178825278,950.2661465438068,41.46573738118825,NORMAL
0.08016628569565479,0.04691539914494894,0.021155148383668127,0.08745649001027524,0.041838203359430975,0.007180450658135517,5.992010988276024,36.512014376313644,STOPPED
0.0036940490158219766,0.03647590880762945,0.01787370976026157,0.07823354544891659,0.055168510844400206,0.01188710255966567,8.893903288447005,32.89983948990904,STOPPED
0.2347156699651657,0.11188280448894904,0.15338199668703367,0.348977967849075,0.39281358429798807,0.05330012255285119,942.6967749649648,37.39117003872745,NORMAL
0.3338622517106892,0.28577990369301964,0.13805196311223678,0.21698551720782128,0.38662698842540344,0.04374142318924125,906.2129759041734,30.179278280131513,NORMAL
0.0712923338853462,0.031130136811922296,0.006683205223484751,0.04764109101863179,0.07556879269793483,0.007906816292834984,9.865854693544051,32.74256005765925,STOPPED
0.4612394158479181,0.1800749701112365,0.17517715411888335,0.42843814023621585,0.2344115793937014,0.06479403945325718,951.4095080961279,31.45074649991144,NORMAL
0.4213756285670758,0.16222321518626534,0.13961907362989942,0.1517299393833648,0.1874816733837567,0.06369936260161806,938.3965981705575,27.735610372140677,NORMAL
0.2447759314247689,0.32355863043679056,0.11702465711683548,0.4874183632505703,0.2693532599226477,0.05290587977674008,972.5962760792427,30.408141579510065,NORMAL
0.4520397951631941,0.11819278853713042,0.12322883395051,0.3127686310415747,0.16009755746469737,0.04682159917257453,916.8635351373072,33.83395178379766,NORMAL
0.6357717147356554,0.3528632228261652,0.23811008487846735,0.3954635724822402,0.2787773472552453,0.11832704118417894,912.951457551007,83.69441035891336,OVERHEAT
0.06313710506550348,0.027689915798093236,0.04912304993822434,0.01337084076338262,0.030988942153137345,0.005334261777777361,3.523810966179932,41.22229437426815,STOPPED
0.30820936152587153,0.3583541008015445,0.22085740203449472,0.46766917402804686,0.1536608880536105,0.06022623135462815,864.7977081919212,62.91947853486668,OVERHEAT
0.47143482952670573,0.28349103545436927,0.21032348134339401,1.5012390861631313,1.640454225886844,0.13333468289599398,937.6412840118517,49.817827165757144,OVERCURRENT
0.5079515800649281,0.27459296496871743,0.05134052489593304,2.0928003711266294,2.299967133146213,0.3942690937189567,996.2364355812759,47.425303788171355,OVERCURRENT
1.5065999588380916,0.8102370791294149,0.7168919640627427,0.512825829622111,0.651429201047282,0.11571235328344613,749.1284619021309,39.409430747645544,UNBALANCE
0.047545502054633676,0.009198739880633706,0.025067680269477335,0.019715729929784653,0.017367978075767,0.0027181710233043885,0.7664917148727657,34.12198315148278,STOPPED
0.5054932959538145,0.361630069603156,0.07627038629627234,0.15774307743864072,0.12244600566589726,0.05298347635708363,937.2145108382635,31.29028273260763,NORMAL
0.04760744917487375,0.04056279082218208,0.03269290023589901,0.00532432856188747,0.01572507875309186,0.017583317377912897,4.875193343624908,35.030427210883275,STOPPED
0.20349291673488273,0.13781456223905808,0.1304974437628595,0.5713424962276926,0.4004108443975114,0.06721274813630558,929.7004646747575,73.42756667537951,OVERHEAT
0.4965187098528452,0.30245152668983244,0.16788257937344647,1.7592877589669675,1.9806714115774922,0.24727835765288872,962.2606518249737,47.7903852094221,OVERCURRENT
1.6810832128979838,0.5933465719575335,0.7769351285235987,0.618064705104796,0.5379889825468502,0.11537959036648507,899.7731429504738,35.405167762509556,UNBALANCE
2.033844096494054,1.0890329789279891,0.57819558471755,0.39428495123828194,0.30530084404692626,0.1149646244094624,941.1207505215647,43.13897109560192,UNBALANCE
0.42655288829244153,0.2806651393405702,0.10886767693490094,0.609189964728503,0.38629218467125837,0.13181046625958728,966.6029294894702,60.186284634103735,OVERHEAT
0.05663171843523532,0.018360415474464414,0.04964862374285271,0.03906544350649441,0.01948465612430045,0.0022641675018062854,0.18207636162892893,34.28111852838463,STOPPED
0.2823359640079455,0.34520985761150774,0.19820761903307277,2.2500223810574536,1.9494227000109206,0.17985333193073805,923.3152537520726,43.04060483306415,OVERCURRENT
0.5522375975249999,0.33638996624668127,0.08312409847005939,0.6281701433714723,0.29660224214543185,0.08842421925272219,882.6184995049481,67.30482016507504,OVERHEAT
0.02572534514668493,0.04757042079828154,0.01894278128120558,0.0446906651439809,0.049813450441292435,0.020706795986949363,16.13930119650235,36.82045673133104,STOPPED
0.6477118507149747,0.18301041044640173,0.16106919771322598,0.22377177909643536,0.16754323377801522,0.1286280130355017,938.87506128017,82.79523338069627,OVERHEAT
0.38800037772831647,0.349625628405566,0.1800572285609442,0.48980928555727243,0.2250299072759483,0.06110444548947315,918.601536679719,28.621963311558265,NORMAL
0.07347459445916285,0.005735908846764121,0.04322500086613512,0.01750243141185902,0.0682321608902948,0.019237286345277178,9.875351323377794,41.618356075605476,STOPPED
0.3117867190677611,0.2294411272023812,0.16983833265885517,0.35745944763560233,0.16891646215751555,0.09703762163393935,998.8520665727673,26.76360766277272,NORMAL
0.24236839926508152,0.34713034008259847,0.16567410691869994,0.35787822780357836,0.3471731527161999,0.045879515713347155,891.9177256146852,61.63415684808958,OVERHEAT
0.06251549067455822,0.0005404614049430601,0.01158785709270388,0.09635557811753638,0.060250964448213845,0.015623624851728097,10.808469399801329,35.331903250664865,STOPPED
0.4943485000673061,0.31594469913396306,0.07667941876173723,0.4592361027257449,0.3377590225734134,0.06536254706311685,946.7127978083474,44.198677519533305,NORMAL
0.3503063542627752,0.17479867621170986,0.1363633688756165,0.22861001536380343,0.2055642882818198,0.06760934481069755,941.2821859821368,38.586217588294645,NORMAL
1.6826609006492244,1.0471543988028635,0.9212673179988474,0.6712567256092148,0.5484254948241338,0.18924852145622562,880.4221506609398,50.54739104564233,UNBALANCE
2.141690922074769,1.1406316987652845,0.569849507132322,0.42034351760668365,0.3876483737177422,0.06709646664310988,721.5536876003104,42.08241366475867,UNBALANCE
0.0362025095873588,0.03887986842134169,0.02591068861752446,0.01125322064624792,0.03234869044824836,0.012199806948042635,9.583071055960865,43.656662916888905,STOPPED
0.010083750478556431,0.0126962578988845,0.02631234553715507,0.039871054902244935,0.03264943412472307,0.015206397564015222,4.716031286830544,25.45586907027404,STOPPED
0.5630538119642832,0.11701237280290067,0.1607186891539688,0.17733931017605903,0.1890757030260416,0.032439354335953005,940.0807893072484,25.663845202344508,NORMAL
0.6235876582856419,0.3697772104300361,0.1400683053805727,2.246704204569741,1.683817335406175,0.17059746160946065,916.0460752723559,44.0722864477459,OVERCURRENT
0.038516470789777435,0.0010673670228847465,0.034379231737039044,0.05960085047376126,0.0624450839611514,0.0038417729170654134,9.186857612799876,41.77521777909328,STOPPED
0.2382257618692663,0.3585098389425021,0.15400355759847437,0.3834443040078947,0.3960408098341357,0.05979903282999337,915.3484075443079,39.570949324333526,NORMAL
0.05632405572426914,0.04380680177554161,0.016739504550437777,0.093389993885229,0.07943325743747322,0.003229647258060013,4.0666781555901865,25.8931912130445,STOPPED
0.5923852371754605,0.32142588426008967,0.2186563066159482,2.223463726942982,2.05940443194346,0.2941869618565179,916.693841726967,46.77667105726071,OVERCURRENT
2.0178840299286014,1.1729841248513875,0.5189189257196796,0.3193735851700877,0.47793056871837464,0.06074160955799979,869.9548573085702,44.56712688290075,UNBALANCE
0.0947024024430898,0.012057529614264196,0.008841179337906313,0.07248346857079345,0.051213305838403354,0.02388662411714422,8.845661882966372,41.89117515885644,STOPPED
0.049907132057118435,0.029613042294109843,0.00547755125179027,0.06208935411605761,0.037113354157473806,0.009332106848187416,8.615864564747493,44.649380035115556,STOPPED
0.3688769884002181,0.21907894387261007,0.21271637655256254,0.5573659949156778,0.4285631644909986,0.05157489648666985,897.2898202787786,73.99837415657532,OVERHEAT
0.6510337723452677,0.3779439901621895,0.08766477351102862,0.3422892025121458,0.45630208133801653,0.07420273845836545,892.1196293829148,73.89214129841834,OVERHEAT
0.035322131335770404,0.0024515918971693197,0.0012195187831402555,0.005401185905032924,0.032708146883445845,0.003229723122121959,2.571995961383169,39.53087720102957,STOPPED
0.5869936151476463,0.1471155523398999,0.193522111852644,0.45319223930923846,0.1311344468783513,0.037440097115733664,992.9925138743621,43.8329533146143,NORMAL
0.3628535772556323,0.13327184830223932,0.20853088193351577,0.5306331679358888,0.20899765117636038,0.022779775281022235,987.6248888027167,66.06239370725396,OVERHEAT
0.4558172650524586,0.2441471678320035,0.22402901425386312,2.2403158314382536,1.6954431353084667,0.3934084187639503,816.5027756316803,46.814583187650015,OVERCURRENT
0.47691338416272344,0.13535552295549122,0.06722115570170378,0.4940639384569101,0.29961228941370077,0.06833786611077129,933.1743017185147,26.06452017412986,NORMAL
0.6589216221799862,0.1596280864596951,0.20626690618777255,0.321999254030267,0.17495828715485048,0.10987184554652454,887.20425440806,63.52198897923822,OVERHEAT
0.26813250511131914,0.3541862936945631,0.162295874038694,0.42063097073262934,0.36682005890216285,0.07369729847490783,924.6670786769195,31.652621040057618,NORMAL
0.5210428315548283,0.12766445075722524,0.1660660086815906,0.47007860945508984,0.16985582766581803,0.09207901019538935,977.8891605439094,29.67455739154525,NORMAL
0.6944877008095957,0.29323445510867563,0.05193012115140965,0.2853392868807385,0.3483779419814169,0.07845253466388416,939.5925072723992,60.615621188675256,OVERHEAT
0.08589168770040483,0.010508551871794815,0.03716728108849337,0.03164761030287564,0.027361887856857683,0.014044394384875586,13.83095312770412,33.99989066702229,STOPPED
1.5759404803114063,0.8472856540697855,0.8317631496148379,0.37818390463841756,0.6809857961409713,0.07768366151748379,924.5905954610434,53.230709905454674,UNBALANCE
0.06024710215296134,0.029193939807581518,0.04177413778823326,0.08457221876064042,0.052248473232665446,0.01451417388818553,14.54879444392784,36.231599361009366,STOPPED
0.5491629686470809,0.10666577276130015,0.201810443068705,2.3213854537076113,2.1586907201351346,0.38849063398648553,897.2586860386402,53.96298508914336,OVERCURRENT
0.07549312736210342,0.02222879593777778,0.03091530994930812,0.08501314088723298,0.030329970783894353,0.01968110963766647,14.567244894381709,39.9980900468134,STOPPED
2.4504068107038908,1.0662302173028484,0.7267739457773752,0.7737821495495758,0.5707568232381238,0.13109597884469715,771.775377545513,30.613735768914058,UNBALANCE
2.0766643453395277,0.8150861258605371,0.71105325568616,0.5271480413406372,0.6333490050349906,0.05182486053447767,817.493575166539,49.00386721715759,UNBALANCE
0.5830323249007159,0.27215604316134523,0.11081206059452223,0.3671428704171855,0.47632097691871045,0.061321995361680454,861.3627666333775,80.82199273529312,OVERHEAT
1.704898489411442,1.1420907960750628,0.5967200109034256,0.5008875730300356,0.6584340340920243,0.11599443990781373,946.177271056525,50.59629035528688,UNBALANCE
2.451151417889739,0.7973828476328211,0.6371812349331829,0.4837806444115611,0.4685318819202931,0.15952121226601862,949.6245327441886,48.92877700097998,UNBALANCE
2.306610529713557,0.75163596210933,0.6821378935546135,0.45229481904789726,0.32799427562765915,0.11226508431021312,928.403871123551,47.21807952253616,UNBALANCE
0.023993338415969734,0.02282462530976764,0.04202376721431023,0.09643392334333291,0.04754376539899554,0.022095642024756182,17.2377616160358,32.631075230277,STOPPED
0.3959971997321407,0.28631685920773153,0.17229600328272401,0.33209451035286464,0.337294513181054,0.0702960669079874,919.9971768339745,35.909489709880965,NORMAL
0.44508092973887736,0.209402895618107,0.16833008890873769,0.23941451870586053,0.30308719569730463,0.046912211271400356,949.4114438662534,30.214336842228118,NORMAL
0.5918422959704128,0.17422438705871487,0.2327874235681639,0.41875464417460684,0.2040345760339587,0.04397202251683563,931.2087239522546,68.08607994510533,OVERHEAT
0.2499861583404427,0.24503234746449426,0.10130698994178977,1.9583993423395105,2.1046810708801984,0.11398032509442844,916.9747745493178,45.54200158518833,OVERCURRENT
0.566848950832063,0.3730921732024951,0.09594672173661214,1.768678026752263,1.4927155313840788,0.23623493317440517,910.3727112173767,40.38691906064713,OVERCURRENT
0.45393623375297076,0.3252309784040668,0.17062670319372725,0.49783812243418657,0.1965765663446009,0.03108095322437471,918.7414217865808,38.484917231227584,NORMAL
2.483293942417035,0.7548539023899022,0.6417353414226294,0.526434220145918,0.6911981427273663,0.06750386459094476,827.1554559949684,42.038497101196704,UNBALANCE
0.206955583190395,0.16427087847406746,0.1782081948477175,0.44076582405339804,0.32827441066935803,0.0945840106235965,963.1057344045995,30.674259678609822,NORMAL
0.08912743731836235,0.004882497787542484,0.009614703517114681,0.009172695654631002,0.005199966400945701,0.02356770962685167,13.350524257197842,38.11584950508448,STOPPED
0.3137668001503523,0.14710919609317252,0.08397384568231622,0.2134046167661373,0.36622531422363314,0.08079086054633751,956.3364977261812,35.80979735209438,NORMAL
0.4170104955701234,0.3193929756121764,0.22194695862120828,1.9309196807046516,1.5174842850929313,0.251539476661823,977.2749910380049,46.418968192513454,OVERCURRENT
0.36301702328230784,0.20012666190909129,0.18399267741106118,0.3854573971872948,0.20762036614887772,0.05027884183555717,900.758315346435,32.59108087160661,NORMAL
0.5125800042871084,0.2090483515800853,0.20869366632074343,0.46559820927375994,0.4036651424283956,0.021169816005764022,891.8885431908323,67.51182823330711,OVERHEAT
0.5732757370499701,0.19176081802153683,0.09476405670807882,0.360670206854268,0.20811941977306392,0.021528550210151414,980.3387071910631,41.21862399209265,NORMAL
0.2933512308130907,0.31599328075705146,0.16041946880921865,2.110008690367005,1.5084124311950178,0.37139952477098415,928.68728444818,43.99321069425654,OVERCURRENT
0.02971057747766719,0.014703567933295247,0.015820442356656573,0.026155472548742023,0.004386852891315094,0.014461312873912913,4.087526087651849,29.172056557769356,STOPPED
0.08356546297377526,0.011197187547415211,0.03892711770025773,0.024916800726688226,0.07089580947931198,0.026851824650876228,12.046126997949209,26.70286627761927,STOPPED
0.3359429875381499,0.2576240084100623,0.2292481494626078,0.34636482214924313,0.15941583290023914,0.05190949612578545,917.9709594777786,82.085702051434,OVERHEAT
2.013356541141586,0.8022755634504786,0.8450746411965693,0.3204350000909723,0.6880346050209536,0.07215851106634359,913.9371005159817,41.305024733827224,UNBALANCE
0.21013265795485842,0.14321153942082715,0.12889248541863307,0.39585602935579434,0.2021244254687069,0.06872604747609092,971.8870052316109,26.910320740042117,NORMAL
0.03784934895332074,0.045323056693536784,0.02892075490815642,0.041874795183533445,0.03170653099389876,0.01574347868693556,1.2852702119141624,33.74781353967737,STOPPED
0.33213926305200614,0.1125241101152093,0.054116173730519856,0.438398392402093,0.27833250578912694,0.042888409530588326,983.9792072466673,32.533854275372335,NORMAL
0.02127165333085054,0.0316712005985325,0.003918658063767128,0.06002087122426103,0.04458469496112118,0.0018802677206303043,12.567821812777948,28.445443239192308,STOPPED
0.20442037593087053,0.10151324740842997,0.1798390445098606,2.1922091732220825,1.5318071410657719,0.24401860346644863,870.1614780692237,51.36905200006455,OVERCURRENT
0.6090322096232167,0.15764369326973965,0.22512789795969396,0.21596127627878697,0.3547573956550161,0.08201157552668008,867.5938990369215,63.74372560810426,OVERHEAT
0.050120474783997386,0.030952882552981377,0.011982631886061374,0.050007702552717165,0.02029749178990138,0.006517705700859244,5.527165530558009,30.251133873772353,STOPPED
0.46558467138341714,0.17638263879337662,0.07643659338206074,0.2195086049656753,0.3593333327761514,0.09709943334555704,900.9538196488569,27.107561780462213,NORMAL
0.0009404089742513722,0.028414094923224654,0.04161941665250238,0.06991220588566426,0.044013588993229096,0.020535424058183933,2.9337785974762354,36.38587843390653,STOPPED
0.5399983342725476,0.3785539596733507,0.08639819884993052,1.7193128529828052,1.419536413484996,0.2438272487574684,843.6559866267183,38.26721531481479,OVERCURRENT
0.030793475681108698,0.008196358041142255,0.033958003641930995,0.014632958883760061,0.01873639090254283,0.015099419891144926,12.253135262525166,32.53806977288687,STOPPED
0.057133489532603915,0.005262173042836299,0.044304636027896194,0.030449898901642538,0.061286195539961494,0.004363358287469329,9.397590892947827,43.13359090316085,STOPPED
0.23362668150520943,0.36711307020851824,0.2217073131703199,1.5369022963944075,1.5168293234515795,0.3511116948786417,932.4850283712417,42.201065900165275,OVERCURRENT
0.4295636572799714,0.24795379647619734,0.07893337930493638,0.4109632833814697,0.13376940674965837,0.05390394922671622,918.0426795636795,26.78332515178063,NORMAL
1.9227022877718734,0.6442479394198577,0.9817494712566677,0.5473046412071613,0.2655888907017822,0.16568672532607373,916.9435084656525,43.500258734940886,UNBALANCE
0.4418694090397606,0.11131946771034897,0.05098953818904842,1.5101520994198343,2.188812332832752,0.19211614261605098,958.6022133979654,49.732994756407294,OVERCURRENT
0.25165714880966444,0.26939175695051554,0.10288427979420052,2.4987906886077593,2.2061247996279603,0.11216790655653919,823.5632799135524,50.6173716394085,OVERCURRENT
2.4138455232812452,1.0544725249281262,0.9121728868520812,0.5007350448969634,0.3472494184371293,0.08674800499050478,808.5065778924892,44.739152314500174,UNBALANCE
0.3981739167818553,0.3882244881160156,0.10843374025068991,0.2246699755335287,0.5656478252904321,0.0949720942321421,896.8654444106951,69.35052304183725,OVERHEAT
2.3787593185519653,0.5554974081669167,0.8623525169033516,0.41055969891314603,0.4933831394326271,0.10622579009798258,921.9872971751493,46.3057961469082,UNBALANCE
2.4216306921025286,0.5621119188833621,0.6801442772703905,0.7861332579661575,0.6776252132694722,0.09833817579407744,926.4882279816885,43.95282241199878,UNBALANCE
0.09800851440405835,0.04462815431940512,0.005538632696079521,0.03251895684436819,0.033664731711207214,0.0007345572819878887,10.562318787955927,31.48526600986464,STOPPED
0.0033874550205857837,0.03664027539168264,0.002696746298964581,0.09053857485568094,0.034899543678065,0.027531751548849688,9.948893081324936,40.085845290829965,STOPPED
0.05312896396120359,0.011898489590537365,0.04053309168568464,0.00788134783750587,0.04987407260067836,0.00325585439129239,1.822351063724077,37.65490255665041,STOPPED
0.3876569858577914,0.29917677877042337,0.19424120371059805,2.157834682453004,1.85735941510032,0.22413469169943157,933.0830491019623,54.65051880946213,OVERCURRENT
0.008646271397751383,0.025466529073196666,0.04271393113180154,0.09363235962799014,0.056408627582785864,0.02525779007773898,8.689002956569066,42.3774954639818,STOPPED
0.3818283962913761,0.3900699284377659,0.14299805455553083,0.2790448393784486,0.24784977308234488,0.044853451424182164,933.738407915599,25.71515220468472,NORMAL
0.6161240670956447,0.18726829720678695,0.1253349379915733,0.4554414991203977,0.5320876734481228,0.09361257969456704,996.7543389526621,75.84351996178194,OVERHEAT
0.005233418671246693,0.01959418007487669,0.02609560212200017,0.0907425220242999,0.01006222585860722,0.01582461960635893,15.124419167108877,37.86030211709022,STOPPED
0.3265085453878186,0.3354921500349947,0.08992711106411602,1.5822720667625205,1.6313184334034645,0.2750680866744813,864.145405028927,44.52807789602935,OVERCURRENT
0.5449446939050488,0.32636871832812037,0.09675923351958333,0.6864426115112368,0.45228025031051766,0.03263061581144176,871.1436887247173,82.97204921361254,OVERHEAT
0.3496197739778376,0.2976352404297395,0.09250816599515613,1.6659307851708682,2.2459028156684497,0.31300550051212617,981.0680155999403,33.09451550109901,OVERCURRENT
0.030295297768764818,0.024696102288693525,0.018609415578130836,0.040302319406611886,0.05021917123187929,0.0006267180321681509,11.065205549558968,30.100894253454335,STOPPED
0.06840491998505874,0.02431966744690156,0.023301895962321607,0.022979119968127095,0.05169622188219164,0.021242471101858718,11.099118623613332,44.69431858199708,STOPPED
1.8012701716406645,1.013345734000541,0.5880880976234213,0.5847424657554792,0.5864971424763912,0.1706068166778828,786.2275660322703,35.248887287243704,UNBALANCE
1.6059104836207727,0.8019490977004342,0.9279848130084202,0.7367109784767678,0.3969292836198547,0.1798011324716961,845.9277276705554,45.142793599387346,UNBALANCE
0.041284596433194744,0.005735333125268577,0.0402854707396402,0.09655605623578715,0.01014492528523645,0.009094399190010006,8.073948014112375,30.50781593779023,STOPPED
0.6106683450062254,0.222072364949014,0.18027887522293573,1.5720748173808547,2.0414111673011135,0.13258855279225965,994.2937174815211,39.33832932371131,OVERCURRENT
0.42074953797033654,0.25628058192032294,0.06760351037329813,0.40032918057036004,0.3600838291110835,0.13176378767669475,948.9683753997149,60.53172641329706,OVERHEAT
0.5491035791845018,0.23302003451516337,0.0734045671553336,0.1937903657989536,0.2068100793738754,0.06788430885661266,934.452860813113,40.26810561228867,NORMAL
0.5413273249660194,0.10165084869279173,0.10521286509046819,2.1564190483850463,1.9988160204855472,0.11809578299957339,876.4720319842611,31.54433224334289,OVERCURRENT
0.29354058793850984,0.32879684250131924,0.1047544110415545,0.27214884530558425,0.29204165030118745,0.052411805129867345,979.833913333471,38.58259030161642,NORMAL
0.2786474619077274,0.2981216775553519,0.23078665658088066,0.521872399831304,0.2772234285366262,0.07061331410888194,892.7795226025992,80.554868780699,OVERHEAT
0.5466573014440104,0.2235690802353099,0.09029800170629632,1.6148614353847721,1.5845474524312833,0.3073586768504032,994.4535035817773,32.77587296446468,OVERCURRENT
0.4136157053859182,0.206250194336607,0.08567384159322289,0.21714979324540845,0.3905631520585368,0.04095606154308869,942.7826104020456,69.99480292224732,OVERHEAT
2.417277819101252,1.1002903870818246,0.8121368466645165,0.39258646942287473,0.4993211064352044,0.15011602014853637,737.9046501627822,39.28958510662689,UNBALANCE
1.9174887413749697,0.7711182627430051,0.6750723218075692,0.6555613260056803,0.39020119217394666,0.1453546927929248,910.3479472663073,31.321781660638198,UNBALANCE
0.5873786394425243,0.1426698498606221,0.15397874267966682,0.26613463905207024,0.14345707191172244,0.0813394969779356,938.3109047637329,27.64861891776971,NORMAL
0.38836061993076765,0.39474644904958034,0.21183172119993687,2.135112150527977,1.7775889272971004,0.2612848045413877,820.1195566909801,40.68925879176452,OVERCURRENT
0.6934983231529732,0.13544986612964138,0.10216699266373262,1.9558468926237804,1.564918209441481,0.20232335235033982,858.8556532122217,35.15666338033571,OVERCURRENT
0.5568919401461621,0.29949039426583035,0.07164512248931701,0.3594900572103069,0.23493528829845606,0.0973543065822138,937.4608336792885,33.790857489091195,NORMAL
2.265642605856585,0.9320887576880272,0.6747657419406141,0.32355707775330217,0.6552524496757247,0.05611103830070008,833.6536740216188,31.455795816084994,UNBALANCE
0.20798017150544196,0.3886531818804795,0.14262974837043635,0.30294740455896985,0.30832550421949406,0.0965059015622984,979.8196117033189,33.39962348041907,NORMAL
0.3227900556819406,0.1864061189019025,0.11888776480446414,0.42357514964229737,0.34062738937933246,0.05754712945815442,953.3390223301212,36.34528121167058,NORMAL
1.988428419797118,0.9502870971710722,0.6240311645496187,0.4180036357659514,0.38354181836816303,0.14940162064336118,940.984629203437,47.380459139556095,UNBALANCE
0.042176946132278625,0.02283755548215127,0.045834175450561766,0.08037908834756202,0.017670041365041102,0.008173683988848709,1.5862188117995601,35.80080184828695,STOPPED
0.6914594268377912,0.39012220346556004,0.22031216072605048,2.1588548663477694,1.8336754455445792,0.18015194332846476,923.8368128686907,33.3016800767421,OVERCURRENT
1.786318250988625,0.593735004659894,0.6516315737492446,0.4762667034548802,0.6940254392719865,0.12033531595540058,862.4025773292531,41.35807213464657,UNBALANCE
0.3583327557225183,0.27773330550668124,0.10150569311409637,1.6713550486301454,1.9566119884624922,0.295338947806265,888.1542475523172,51.603186623630904,OVERCURRENT
2.203863453996269,1.065111186793865,0.9437169251012414,0.3563702018244634,0.27736932513903023,0.11012753481707471,815.1925095895713,47.469997056580496,UNBALANCE
0.2395359799717503,0.1758886006277654,0.17074757807121957,0.2646735597520351,0.5988169855836116,0.0261596027432495,975.673469651457,70.28019715256515,OVERHEAT
0.2220234822807854,0.3932812505635751,0.23873604816230226,0.30578957965727105,0.5562250154665531,0.08758530152284069,862.4572959544253,69.54499881229737,OVERHEAT
0.06097999474450422,0.007927052505373367,0.018376893025376814,0.09193666670603046,0.01654790103886483,0.007498384899835314,11.511765942144072,44.3746450764105,STOPPED
0.35326129812173374,0.197726109230777,0.10664951750811343,0.15230100339610775,0.25693867346604765,0.036003260831644526,901.3949046848007,30.458837974619605,NORMAL
0.3076991669270061,0.12829454138512997,0.2107751634053212,1.808212856130569,1.6385171268616396,0.3147031187601427,802.0693942913572,54.01040068883351,OVERCURRENT
0.2502668104297237,0.11376937309460343,0.2007556787032948,0.404191786108112,0.1812162213794808,0.043576003588619676,952.5230582302125,60.60354822511166,OVERHEAT
0.06924425297885926,0.0021925659308071666,0.02632946453967884,0.007580985713459343,0.07690429087414079,0.014857565224918535,5.365565276788109,36.48047085207484,STOPPED
0.027653192146593286,0.03814831302488008,0.008811791858233404,0.003929897302378616,0.0523867348340815,0.015107874115123519,3.396860143432918,42.36357404766437,STOPPED
0.627148100096873,0.1119930774547749,0.22701622204504168,0.40503634660155297,0.4183181780951125,0.06737243388261276,948.2133493365378,68.27512354225388,OVERHEAT
0.33741439457592903,0.39913040198078,0.11746708736567922,0.2317215448143709,0.15238097532153472,0.08202362693993448,913.0418301538132,27.90235415973319,NORMAL
0.5851698163666808,0.30360757638221686,0.14008636257808596,1.7775794528581679,2.033145718906759,0.17241299239949964,865.546237371449,33.14618016381468,OVERCURRENT
0.48759734120335924,0.13989500778067168,0.19177964688467614,2.3612137340541404,1.9031503021537173,0.34268287690601984,976.6383470455366,53.234387638195216,OVERCURRENT
0.4888982105803519,0.32429235471035306,0.24335933754999162,2.198398731815871,1.571843209122855,0.16084853149662387,861.5207032565733,32.43991517200802,OVERCURRENT
0.08130449057638822,0.04381283549310948,0.03247275825273526,0.04067561637506421,0.04411936132704212,0.010660355580309155,15.186124953657469,27.49561343879794,STOPPED
0.3919621567175108,0.15989239213426895,0.19123280160819228,0.4119486044915479,0.177794428336289,0.08911649547157272,956.0471063348754,70.23613748091604,OVERHEAT
1.763936153152403,0.9252303388400538,0.6305574841351296,0.7261028581679991,0.4112158233941371,0.10085952874900517,728.0190937718917,30.566150321880844,UNBALANCE
0.5618230352317968,0.162251933796528,0.08993438188579611,0.4655787308126066,0.37203124886433014,0.08189137421985425,941.0222563429489,32.1379583531625,NORMAL
2.335056910767158,0.5551818194361023,0.9831507566226366,0.42725440196290915,0.5773235146872169,0.16033918206648695,868.7854928457389,41.519390340629435,UNBALANCE
0.20769448621711217,0.2501245865814582,0.05432859986303962,0.5884006658752648,0.49471800371923935,0.1283971558663192,871.4916173588009,62.81208020829797,OVERHEAT
0.36701769236805826,0.22651050626051253,0.07409259814142505,0.4840421488713058,0.15533308108775964,0.05981000873326631,971.4976508408258,33.215429686570246,NORMAL
0.35201852642627185,0.3793848232851925,0.09869699434748391,2.1476984740799345,2.198197352138108,0.2604830035210304,957.190805564747,48.469124783645995,OVERCURRENT
0.34725664652615096,0.1723384652489346,0.10226735698191522,0.15709384737490104,0.2376502189465471,0.07532810537746992,999.9801380287134,42.47608195181944,NORMAL
0.5809339821608654,0.32845490823429013,0.16973814537366255,0.6841300976697624,0.5138201539340242,0.14891204412173165,928.2319693396709,66.70854570848392,OVERHEAT
0.29577579040109836,0.23146315516837182,0.11494566237904068,0.5116838394183324,0.23480144219109933,0.029733656674830487,996.1365872669314,73.49361284906269,OVERHEAT
2.4499505356293922,0.6878744039836655,0.8990544220132781,0.7370389828668424,0.36367580198109006,0.1423717493969317,786.4902407702124,35.02327889167686,UNBALANCE
0.007291022566763639,0.0011007098159252827,0.03455143527245163,0.05762819365903883,0.06133326558339877,0.020233131595628655,16.650282787972966,33.49418242437707,STOPPED
0.037254980807645735,0.03165740060927357,0.04439958273862507,0.06394538079672157,0.020717632872526606,0.018723799258908623,12.698857211177012,35.7871947352505,STOPPED
0.2118565667270884,0.2543099301110593,0.10653568777616106,1.8652758657720676,2.210489357568459,0.12961175949393094,845.1034501612514,36.20975871789593,OVERCURRENT
0.04078480084628339,0.03649564338638011,0.026119284223615088,0.011275243990387807,0.03213995406020657,0.02729665876821244,16.06635597476152,43.26926662842658,STOPPED
0.2727177135113491,0.29350719986583457,0.10883340737734398,0.6276799414114504,0.5799465992845807,0.032008204474970756,939.2607395154782,84.37370122864883,OVERHEAT
0.08165146076767571,0.019026000079469536,0.04896841172299923,0.06879598033648564,0.047338828074745105,0.02912130807844095,14.817440357728335,35.22665470172012,STOPPED
0.4573486991234176,0.3780182918599807,0.05193554814497128,0.2164357383056449,0.107350251217047,0.08742109914298256,996.4385068341549,44.16564427606998,NORMAL
0.5370130172220282,0.24048530159179837,0.17147557948182313,2.241484495457424,1.5364506346307192,0.14525200958696355,959.772360908039,49.14722196678373,OVERCURRENT
0.28373058987244554,0.17267936374367954,0.08714152208510258,0.303201309376573,0.4754914140460639,0.09719231547939387,958.6155226792209,66.87660007846745,OVERHEAT
2.14522673975549,0.5908407990958082,0.6688208901534697,0.4572490388227658,0.3293408099105849,0.08496350217950176,735.5189708430132,38.1511242199156,UNBALANCE
2.2869795211062995,0.5838512995838446,0.7697774212760742,0.704890826307677,0.2074439142038444,0.19469374336618195,907.1543131253766,42.67287529255238,UNBALANCE
2.169373500410053,0.8938511633539776,0.8924297269348878,0.4762198905916654,0.20392865667957566,0.15228831302012064,729.9411178223926,33.78743346510316,UNBALANCE
0.28748785625343753,0.15529506584175537,0.05237626887541261,0.40382058207754823,0.4344002812299349,0.020409806377582804,892.8005622645113,76.47906150377055,OVERHEAT
1.7437303002195792,0.8837969256819413,0.983988345847914,0.7151370546835263,0.3593252352974792,0.051016199489252796,842.4087899966074,40.06883046588386,UNBALANCE
0.6834244568345678,0.15217486427219662,0.17789617836560928,0.26320333833894766,0.2755011257607459,0.03558987075633982,896.0482597922759,78.8403376360113,OVERHEAT
0.07428267919102878,0.002059048298828797,0.005888529775840818,0.03677424812443371,0.06877563955013487,0.00914524123532768,18.870647684996054,39.59513939007037,STOPPED
1.9594988411742902,0.6632792207996282,0.6523224997190935,0.3137692985146773,0.4410071562951545,0.09826348271953253,793.7471397535365,33.73738484003515,UNBALANCE
0.6433898590635251,0.2703151169314267,0.17360449797678815,0.6757944919191834,0.16342470637544504,0.1164297059168093,870.9897209138263,70.68460143339395,OVERHEAT
1.7629662718713455,0.5615363581719061,0.5411620707770581,0.5423468820981332,0.5143400455097235,0.07003283010248929,839.4653441411172,45.9223628251094,UNBALANCE
0.45269984424763693,0.27219574663449553,0.14769914861522906,0.4965564173492336,0.3934774340028566,0.06593369254337367,900.4424490736895,80.59375688168012,OVERHEAT
0.41841272264689866,0.18477840565138387,0.23966104883437528,1.8925107187168346,1.977171836553679,0.20133745865478037,921.4688791948679,50.51002210712948,OVERCURRENT
0.573948987964428,0.12553168063725842,0.07520770921862574,0.6018801952291377,0.20388454228788722,0.11022987691959256,912.6801511413782,83.45216066052492,OVERHEAT
0.2330282676910468,0.3657222396874783,0.1375351642028988,0.2334130972738992,0.16420080548130084,0.06885137016150042,976.9198926660092,40.73844540173393,NORMAL
0.6000806387340925,0.1040178727837422,0.05891813497407708,2.205508982106012,2.2220257211526095,0.39749988270503556,856.6911990186829,34.9195920373072,OVERCURRENT
1.6704879786122266,0.6864558282684109,0.9262137954015364,0.491504828541943,0.5591669918623935,0.17697925993464242,782.4365729234177,34.700409556844726,UNBALANCE
1.9520197710478442,0.991190476058588,0.9379080429683984,0.38127818739423563,0.2517854194157202,0.17674560138969891,819.5605997758665,43.002228772177794,UNBALANCE
0.520740402893421,0.21771445805282819,0.11553429155474502,2.449584679970158,1.513512882413749,0.3891993897530184,907.2952365799895,50.27493326874698,OVERCURRENT
0.21248708974635439,0.38380455105849764,0.24496843497723303,0.5000061586097688,0.28562291326403344,0.1476356188511563,939.7466939340837,62.82570528777782,OVERHEAT
0.012737377633382507,0.015211807859004096,0.03762553817016121,0.009153452353104797,0.02007444412503407,0.00722895365744036,6.2377175269971215,28.770465345846073,STOPPED
0.4364764767625182,0.27864985938838516,0.1676579959670099,0.3715788340944942,0.3792579998328084,0.0684810364739818,986.2675483678992,37.74684381946612,NORMAL
0.6584693881216129,0.23162004870724973,0.19043300992876105,1.5074397351896964,1.5882039950165219,0.34898470929395803,951.3738916796528,32.233573953933245,OVERCURRENT
0.6354666448971422,0.18916932774085632,0.08328475034815017,1.9300607155391636,2.275800515598168,0.3162759125819441,987.9993991447403,30.95349041879374,OVERCURRENT
0.4863317176413373,0.17618919253465892,0.10704459976911883,0.6178754433767144,0.3323164534810873,0.13609507832586384,943.4537052141358,82.5638646675092,OVERHEAT
0.5629408818039434,0.2171419684229816,0.1303082783937788,0.37790449860527575,0.5696671200495445,0.030299291062826892,936.62818676341,84.48816147682808,OVERHEAT
0.40749443270558905,0.16474490930047125,0.15884042568171736,0.689266113096156,0.334841917962112,0.05303179748665518,892.2014468978058,76.9342396788176,OVERHEAT
0.4959577227702,0.32997950690084565,0.06126864386120832,0.35734114090347613,0.2826183536678227,0.1483470294147522,851.4485064460364,73.75129427052366,OVERHEAT
0.05532308096913755,0.021720839439390745,0.04543510911585446,0.044390225913893716,0.07156394912724673,0.007365177472347029,14.890550252125209,39.97263835681845,STOPPED
0.6409713399391948,0.10640086392992999,0.1031498065122126,0.41737669097118524,0.19208287602364776,0.05788191255221996,943.8750073640363,69.90487938133681,OVERHEAT
0.4805635627916259,0.24468865840020657,0.19544721323855196,0.496326314961107,0.29917700136054604,0.07787181463979949,967.3355845904551,30.629717994757446,NORMAL
0.020549478147531552,0.020463640555456148,0.021137550904847854,0.032973871890085625,0.02787904881029016,0.020450776517593562,9.040830778135014,27.212462938523924,STOPPED
0.25587942040232503,0.37021624932456465,0.16700003786458933,0.33384578340572213,0.10547056372568447,0.08146364498134875,993.7674654720748,30.72959940772101,NORMAL
0.3008881544868106,0.36206913990378864,0.18732463459883802,0.4184374888211462,0.34212256859539936,0.09289386056807679,999.090304535825,80.66968343021878,OVERHEAT
1.7265753314975156,1.1228843251634664,0.6229125110553532,0.6806750301003702,0.6690185870651318,0.18115109852471822,824.9693938369927,46.98082685937199,UNBALANCE
0.5710403868457288,0.17136020635689203,0.16275676149873075,0.2487617482909381,0.3822078221616927,0.04686585653380169,918.4040735073704,39.509377546876976,NORMAL
0.04426117922451642,0.012010943688664944,0.004143090329292632,0.057674745787339554,0.023734968557600232,0.019070737864302974,5.817433192994792,40.79473282321257,STOPPED
0.6743629113596917,0.2865548785687331,0.11687223540393865,2.0540258719140008,1.50480115461997,0.35849515193468673,864.4633098028735,40.77601145462395,OVERCURRENT
0.0106274586048702,0.04349869405978123,0.0317413541894571,0.048830542596286365,0.07556735354319458,0.027611368262074432,3.368431379976271,28.098611828544616,STOPPED
0.2739312937780128,0.3205249633622733,0.14782872504170827,0.45879119848878214,0.21541889343264395,0.07484363723563467,927.3056391381324,29.22315100303115,NORMAL
0.0763978692543042,0.03000960062767455,0.014296321261126795,0.030082874662801018,3.725942876648958e-05,0.022926675608323673,12.482811739158613,44.29007158453592,STOPPED
0.4417915158867989,0.37930608891260964,0.16694425472163132,2.0626863294309974,1.9251052223710523,0.2769536448191374,855.3959756918097,32.427352393599435,OVERCURRENT
0.548958373738389,0.30218794046287445,0.19021463034696084,1.6964184921253835,2.2094668655868763,0.28472295678450793,930.175880180147,36.584124809991785,OVERCURRENT
0.5520464432106333,0.3649511041643555,0.11575920420414361,0.16458621406375576,0.16624319991320924,0.036080664270829954,938.7899183967089,42.01580157663655,NORMAL
0.05631279768106835,0.031011710526534217,0.015617877595511094,0.05784220513305064,0.012613445060202589,0.007666827152815609,1.50490122808834,28.551733288837784,STOPPED
0.436670292726147,0.21838343802567486,0.201974784452511,2.212497393167829,1.713303516563214,0.30056602160452517,944.2403696798833,33.87703008235799,OVERCURRENT
0.008095873755564887,0.042366562369115984,0.022689366101837152,0.08647351150424827,0.038330924884584956,0.02581403383761345,19.620116386970118,40.555002878043936,STOPPED
2.4768402316129885,1.0201945148081306,0.6827866927486336,0.7324725352961375,0.5870091733162099,0.13223015585876613,845.2475610239261,40.4211888191476,UNBALANCE
0.3019194490253941,0.233245686467898,0.15912989441372172,0.39147402351080385,0.3724404106001956,0.02646005097334575,923.1734910345294,39.68913500429901,NORMAL
0.37516303665215034,0.22798569340332347,0.07718728869728889,0.3563237595920617,0.2832077162070743,0.07009992617124187,992.3497216112842,26.465836606913243,NORMAL
0.4097537700768713,0.36605861626496494,0.17839025842678868,0.34545386490053953,0.20629595238040702,0.05548785791646066,916.1697890100083,41.943818122029285,NORMAL
0.04875460438191479,0.011174209523035123,0.035898504229950876,0.07575203483686338,0.044726415292241084,0.009594744193891419,0.9171697720572647,37.2457500361658,STOPPED
2.2297859347356237,1.178320358099715,0.8360072194163047,0.5620563234105467,0.4161748194526592,0.19193880495572624,796.4949653263865,52.72422815790167,UNBALANCE
1.904636935482982,0.8170033556395824,0.7125986703418041,0.5122427412179626,0.5730541073563777,0.10373158203786696,736.5200392756964,51.72715272232318,UNBALANCE
2.0770636803042186,0.5407966279856631,0.5742814404244351,0.41022719844363076,0.6781862507581351,0.08766635210166954,872.9773873026194,54.420032400157076,UNBALANCE
2.0703471688607307,1.1211684826223904,0.9769687463964842,0.4512897506579318,0.45336480424630404,0.12182085431166219,824.8611419265441,50.60989222763817,UNBALANCE
0.6432763718740548,0.15696007948690882,0.10252110004229709,0.5922202821629448,0.5177775458573517,0.07418204393406011,957.3039280169135,71.87252580309915,OVERHEAT
0.055150187264624784,0.021184746762086034,0.04673714695021283,0.06739425638550897,0.06304942827249796,0.026638993650165657,15.047089295696562,26.943886542046783,STOPPED
0.4300977926855346,0.252389548806648,0.11388844673631413,0.18294163453088352,0.20259379690009904,0.051277649251268986,942.9365307410862,33.75892120649513,NORMAL
0.43456530159485085,0.29573070461995354,0.15325482079941113,0.4232376294235761,0.10600117076601245,0.03351196900073904,990.2912236364562,25.102702728267733,NORMAL
2.1391092054111533,0.7997843675151213,0.7894422247248515,0.6780597901245287,0.577920880600863,0.11613806134094805,848.2695690707359,51.55861190982699,UNBALANCE
0.37616636170072093,0.3507383229659584,0.07218204377262466,2.3385402213065074,1.9229673347578613,0.16869582945611497,819.4235413927578,31.263047444962698,OVERCURRENT
0.2916387933773616,0.10698496139939756,0.10419582466002886,0.18873675978668827,0.20745548509585066,0.05622769118693502,999.4040418561985,44.90521390798402,NORMAL
2.136094287957417,1.0674086813384114,0.7474747941838267,0.45263421945150917,0.6077398840991133,0.19147205125988404,709.9246039928638,46.24581468276915,UNBALANCE
2.413549718111041,0.6779585244200709,0.8297028380381711,0.7212291844799654,0.4796186946397143,0.1971532620266943,764.5667873577012,49.154898348189306,UNBALANCE
0.2222787881205131,0.19427070514740108,0.08147803457472388,0.18261055926042113,0.1155443493014661,0.049866411988344045,961.3999716125933,35.18010636237593,NORMAL
2.060548992362449,0.9997922869904171,0.6515689796963018,0.7908266217910083,0.36121603638945243,0.1458713330994695,740.5782526352659,30.380759065769674,UNBALANCE
1.8403534461795727,0.7939431375369773,0.987891217068169,0.6887394343403386,0.3782045582717539,0.16085178922077284,865.570395400537,35.2022473538822,UNBALANCE
0.39519553753315306,0.19554109654139146,0.16849244116286416,0.18502809863755035,0.27036594336741904,0.04093305198552946,922.1989650451355,33.94021875895377,NORMAL
0.6013403666619215,0.28016433321188466,0.09103608014651243,0.23368335196481405,0.5892649481359197,0.12665367464473792,959.6287325626403,83.29762613701787,OVERHEAT
0.005634489692686562,0.03357529890371588,0.039998444971004875,0.06156243744528141,0.05819698976275842,0.015711878191599273,9.286905472058464,35.25929436405374,STOPPED
0.23018982554234813,0.1796049404198699,0.14159124191779396,0.3396524809778211,0.39913571113292323,0.09626485623409409,983.0422333141573,30.65405846130672,NORMAL
1.69602735928969,0.6775032308041644,0.8425829871686247,0.48451226338740316,0.6359413585420175,0.14026860325252238,925.2836669602998,53.78040711680589,UNBALANCE
0.5724348457655717,0.3649262958545677,0.11610495079690082,0.3438454190878253,0.22303329646406533,0.03699198351831784,910.7544221322887,35.31595863670309,NORMAL
0.20499380365494196,0.2143918941406585,0.11817460831561899,0.2051827174489213,0.26561220396009433,0.04485808105725968,969.7781758410905,78.74503708637269,OVERHEAT
0.5137584168486976,0.14767134974622043,0.1637363438381514,0.4637111379532194,0.3752140021782332,0.04306031378747599,995.3804375417899,26.916456896269956,NORMAL
0.08130735156013674,0.03181994293385119,0.006491852768051787,0.04588140262409675,0.04976736271422268,0.02912901953016951,17.79393525557168,27.85407898927825,STOPPED
0.20900444447275224,0.3360597932772651,0.10329834873620677,0.3849631557037638,0.36348387607441357,0.07689674490682799,931.294084135885,28.763049539710767,NORMAL
0.3583742751631668,0.3753191240059609,0.22280973220462386,1.540644601085958,1.7536970036229256,0.15231991368760794,965.5398566762344,53.67850472377357,OVERCURRENT
0.5119037457500112,0.3427498043693147,0.06403678138217797,1.8141180022081764,1.4253205084501734,0.28839525899513574,842.985091215406,35.20532688762677,OVERCURRENT
2.371668726700827,1.0650987663607712,0.6318430804106434,0.6425770632718849,0.23782004431667153,0.18317947498732684,824.6440766725809,39.311874840319774,UNBALANCE
2.4047708293650265,0.9298982518901793,0.7965036530252683,0.6002522294894279,0.5987983795957905,0.1739845679348132,814.3707052637815,52.23247415284457,UNBALANCE
0.4542957291192017,0.22547908432686015,0.07973164989376835,1.8477684304757314,1.499496808312569,0.21232073320486333,875.3620016942758,33.67536370844742,OVERCURRENT
0.3615071974110929,0.3591218535014308,0.14467514556145614,0.17286004102730898,0.1805468926510499,0.06996177972323261,968.2457781682278,44.740764918180865,NORMAL
0.6603466254734638,0.28304816792538634,0.053066493671578924,0.5510619022755789,0.26445047622046336,0.088629490031498,968.2062443803308,76.93949614170805,OVERHEAT
0.693660186967848,0.31996411435770006,0.11919749208253197,0.3501576823808491,0.16725656461046795,0.10389706996365708,960.8619676835021,61.33867891479142,OVERHEAT
0.699965299481083,0.23073326346164413,0.20847529746559385,0.6168742527986385,0.32762073233102673,0.05187801676722577,856.4461115435336,61.82493161406059,OVERHEAT
0.09318218087506885,0.002035399990391962,0.011257042719575328,0.08177178061860299,0.04926361319430501,0.025220313522766845,7.07272846518634,43.06176205982652,STOPPED
0.217078408751659,0.2515405679788061,0.2164701313359656,0.5918808692143199,0.5958293178779945,0.10152301137600753,914.6843485626263,71.74695603476452,OVERHEAT
0.05171803349613492,0.021107457826932352,0.048487906170158676,0.07747573981890168,0.053405982047932725,0.0008325738007037464,9.067176807594075,41.02457243502986,STOPPED
0.2524380318552627,0.20646873977802435,0.09297773232016673,2.4940392980214954,1.6466095876510722,0.2684049648220402,937.902449496028,49.62306579666533,OVERCURRENT
1.6400391506773593,0.5918371604164081,0.9949390186879961,0.7918944303399647,0.2682073690694925,0.19574808768169466,751.1258563619433,43.728218900673426,UNBALANCE
0.012265378250888005,0.03588696407967679,0.03097223701377297,0.09872928355917239,0.02112230441942086,0.02792126322071695,10.386124171555247,42.10617176796968,STOPPED
0.37011234460273934,0.23379919784226436,0.18974203231775022,2.1932445641421805,2.098566127561397,0.12760362022901148,929.9870147335389,50.96776885784183,OVERCURRENT
2.2443053373410073,0.5596935979688946,0.6798567857980917,0.4725311913788592,0.27659183410621574,0.18797632285641103,844.5928956064483,50.50515285703555,UNBALANCE
0.460411311378727,0.17694815152958737,0.09927363537841086,2.327961053128659,1.7481061592217237,0.35946694874518514,842.2531536365167,31.744564105544285,OVERCURRENT
0.3020391709900403,0.34731955587878643,0.22224684210600792,0.2132506980645894,0.16089061467087754,0.09108624139214629,937.9490476914375,71.21055748766102,OVERHEAT
0.2598831865867415,0.3785228486986293,0.07546502608945993,1.7006361186295518,1.6529372025241795,0.3206985863571348,963.4964366139661,43.74230038462096,OVERCURRENT
0.33106951720877886,0.11934536755454114,0.16410187414547966,0.1792803143803336,0.3987349494855106,0.02704964637472023,955.4256780878169,36.66077310915137,NORMAL
0.39380219382681814,0.13136870877624343,0.13775564578497795,1.548791576936399,2.0995271840172585,0.2028681647327953,813.6699007881983,51.982594209718016,OVERCURRENT
0.06993096676428669,0.04639363505585655,0.03144833309454237,0.013106285168806131,0.05381219693740238,0.014186946450032052,18.063859991373803,34.221624016261856,STOPPED
0.6259142901573209,0.3952903453046481,0.16430122275197012,0.22627498947755675,0.5312247590366397,0.07748481887653644,913.5067481961933,79.05514882276469,OVERHEAT
0.587785022650308,0.3699508411066852,0.10162707208677536,0.39856761194646473,0.3052036289517913,0.09218968433418968,908.681619073491,25.29319349239545,NORMAL
0.4160465648714313,0.10543620434404803,0.08164385725190887,0.49036587276075694,0.2686096981208568,0.09263174588696846,999.5697165662693,61.660167800913456,OVERHEAT
0.26150287793881943,0.3842560803772498,0.224431492053149,0.21723778915535863,0.15672354369537525,0.08164602819172197,907.4677962588245,69.03647516259791,OVERHEAT
1.8072569090223531,1.0531258269996746,0.943395776018909,0.6451004560406977,0.3301472615940878,0.08736041107371945,721.3632684879914,36.597604013731754,UNBALANCE
0.3211723601864204,0.29053272594428736,0.09874213289282177,0.6232927770401887,0.3724067686886575,0.04940243768960788,900.3127643587668,68.66137027740089,OVERHEAT
1.7154668281394985,0.9102897367878112,0.6984044520756735,0.6646546294517586,0.4092889458034198,0.1820604516969594,762.4843371300014,40.7683286170908,UNBALANCE
0.5696486308946629,0.22566129764205764,0.07108520353192622,0.4817897717895252,0.3084990514879438,0.05413456091041917,953.3393292300733,34.37806277226624,NORMAL
1.657082256217691,0.9718337953866223,0.9978242786709918,0.4115799749146577,0.30273007247679856,0.10184121721211489,779.5416017255739,32.679409238325285,UNBALANCE
2.321927250387513,0.7630241105852087,0.6559749672765918,0.7670498886047443,0.4579428954026452,0.10209429934982284,803.4212004924645,42.3199664745489,UNBALANCE
1.9996353943318972,0.9581244425289206,0.9588288282259922,0.7749609636268181,0.20882627077657118,0.09608960499423963,736.4653329829544,42.80164296785048,UNBALANCE
0.24813775553172734,0.2465866977669015,0.06598844884778605,0.5426329192585858,0.252211583821279,0.1210991657641943,922.5228302392045,74.05052815955752,OVERHEAT
1.5080248577255078,0.602515521974467,0.8691357688737491,0.5443957639162976,0.3107238222498232,0.1792017768548999,949.8936815588937,46.526545326820425,UNBALANCE
0.6865297740738834,0.20053507277681726,0.19250833951764718,2.157275938629152,2.263378992719412,0.3792185161815189,949.4889318847977,49.142929631017324,OVERCURRENT
2.1582849121963155,0.9610355152188357,0.9436584988467793,0.345484912631103,0.3773526674921712,0.12048216590994787,861.6535293010122,46.7117428357141,UNBALANCE
0.22380807778782685,0.3041196619381051,0.05623644705678659,0.582606655332129,0.2396779884030768,0.08886893910075022,862.5518418599022,61.930409716118525,OVERHEAT
0.2298098135454768,0.39988059319425207,0.08861244590585887,0.3821114210906358,0.3948368657873865,0.07168562366049941,914.2076245752274,35.43866145724098,NORMAL
0.5054009118800243,0.33142695128781396,0.05544339302897336,0.265239413133785,0.13962680298139662,0.03386982273724194,954.2543969869695,38.513589916330346,NORMAL
0.02678652838691217,0.005220998602171557,0.04437192097811432,0.06643495529166923,0.017850901431325596,0.027541710758855354,7.034564661157758,28.41019637093916,STOPPED
0.4959271858229475,0.15766995411855708,0.13151430142368353,1.8581698676700231,2.267323669552606,0.23336238720877545,865.213559025889,42.2342325220408,OVERCURRENT
2.1980692341404917,0.9318921222467369,0.7771488436801828,0.6328764372656288,0.6208056663626821,0.15479925127320748,795.7642844618881,48.81184159086823,UNBALANCE
0.2843006301398777,0.3983086362415431,0.07634247615421291,0.6620970933339455,0.5959131080254242,0.07730307037890463,863.2382868347112,73.27067082837553,OVERHEAT
0.40310161928664356,0.3477599048916681,0.249584926968219,0.5990933146441719,0.5441758642592138,0.1250325047727963,930.1442312040141,73.91351874828605,OVERHEAT
1.6372764700658702,1.0586602166773957,0.5004391337911398,0.587629324290214,0.6629846423294328,0.1316658917242803,779.545714406363,40.785972997355664,UNBALANCE
0.4011224563865924,0.1511934079491986,0.21830570071802186,1.637624739775592,1.4031121146209555,0.10776877330669152,919.3548348806812,31.803258845250188,OVERCURRENT
0.5266847018308148,0.3302411843805074,0.07973342108012729,0.4329093567685096,0.13804811806473397,0.09961980955773818,934.6507902572074,30.981202924391074,NORMAL
2.153764337204561,0.5311833737429112,0.8530967438425505,0.39537218440529776,0.40128140811168567,0.15116157854465606,836.488750916245,34.052518503462586,UNBALANCE
0.4039029294684605,0.24981825961986898,0.0920909007986295,0.5822486406053408,0.26272586599041,0.04703509099453497,991.6388091237588,82.88194021536299,OVERHEAT
0.5035378177087007,0.3273435869275698,0.16439851529405858,0.4653054661004462,0.29229021932293886,0.043025949307049643,980.5279468823354,37.81752850711972,NORMAL
2.333597228797558,1.1332055645204844,0.6499615385505868,0.672817392372671,0.2217572586641638,0.171371841170111,811.4505282788491,39.139278034372325,UNBALANCE
0.32280274941790543,0.3912097880533755,0.11298392981661236,0.4435345033774176,0.38762503451798935,0.09962498984554724,923.2267962356361,42.27931498013814,NORMAL
0.2410679198123904,0.17168733220445637,0.07793689166859347,0.4504184112279412,0.5771572976478792,0.021368899581712616,948.3739770811615,69.75731516094038,OVERHEAT
1.6566154788617196,1.1812248551785598,0.5706945644089514,0.5480243920574409,0.5920773714349931,0.18199224594246471,892.011591667206,49.58673509046898,UNBALANCE
0.5431327629951828,0.10968543957256745,0.09684548957360994,2.2402197514064053,1.8012889290955334,0.34186057532326963,838.660614759361,53.75574015063719,OVERCURRENT
0.4865716788508735,0.11655639459135152,0.1289853292327633,0.15850333940032402,0.21745460257454385,0.03257140139165102,995.5399457810049,27.794233683098575,NORMAL
1.6731034087371768,0.5274210880790826,0.9728369102361792,0.32221739352112305,0.6173634288624574,0.08492452350254617,853.5863940034847,42.71818012666046,UNBALANCE
0.49925519151106423,0.3317719766923214,0.11016003542295806,0.4767210387481171,0.10366711750236968,0.04753663522697803,993.1763028391086,34.05925213055635,NORMAL
2.317688639241508,1.022611823100123,0.9804496521291965,0.7275646890549173,0.6508159112275016,0.18059051111541807,712.9819874752021,32.0448558696608,UNBALANCE
2.233593755448611,1.0808264157619971,0.9058927284313971,0.513351677423685,0.6669829832825058,0.11895777726641273,758.2381200057306,42.10015581893573,UNBALANCE
1.6609257071422574,0.5577317710875168,0.916061941180939,0.5006512922064961,0.5763845230932638,0.11250341068431848,810.420205376519,33.62764296926327,UNBALANCE
2.1474165564823333,1.0022852753432234,0.5625751368333968,0.621968165444402,0.5885495948014783,0.07457462206393285,858.9988460766086,54.770964782423306,UNBALANCE
0.0961087627255814,0.037519154032635955,0.03900800153058691,0.032244143699491315,0.009691649170554787,0.00816085567469779,2.88862794732327,30.773806462955683,STOPPED
0.4584415137014406,0.19675257433551513,0.07873786355979465,0.2719559891155201,0.29972772736234127,0.0588944632203532,993.6315316350024,32.519825159895134,NORMAL
0.09544874307576305,0.011507701393915427,0.04516794987555543,0.08367619310326394,0.018901040227013326,0.021346597115178743,1.3824647420520275,26.286375378619994,STOPPED
0.23309833483643785,0.30652706686532616,0.1769711433925828,0.1959713665563595,0.25425067458428335,0.030929157926458756,943.494240251139,42.28329368190054,NORMAL
0.6300184229821876,0.3490271154849107,0.17988410591360543,0.44249105678187384,0.3628247024801734,0.029206679057732752,951.1782044017622,71.95599924389163,OVERHEAT
0.06568874917312821,0.025025827602612946,0.01108425261591748,0.04972052456826446,0.003290215447878184,0.026450202018925572,8.483656742351315,39.92565838839712,STOPPED
1.722393905680856,0.8068771441951041,0.8254299081939844,0.6965783431789285,0.25470161919872464,0.16526484558883411,732.1007489948088,32.688752445198844,UNBALANCE
2.15581359752839,0.7895068763247641,0.6499830688920936,0.7110340865116205,0.20071187061636636,0.09282800957923366,728.4677236988778,45.6783959481638,UNBALANCE
0.554876192725356,0.14791590284160716,0.09143841460464242,2.391416953291104,2.1351922746301364,0.3930328675319291,832.6174698761519,34.03197872782808,OVERCURRENT
0.21420580783101012,0.2741573615365759,0.13416046575422136,0.26047817168007914,0.2938406769053701,0.03506023887112954,980.8489468495675,33.85416630039561,NORMAL
0.01178529143154623,0.009859843485057647,0.021950197866614642,0.053801538971087554,0.0012021756569876453,0.010106387800449902,3.1573473554349585,37.35251271238127,STOPPED
0.08552548036862084,0.0036908182943321045,0.029499213443438727,0.07444555983014631,0.06808250327118803,0.007791586278326621,15.72572003680949,35.045023952505865,STOPPED
0.32766903675409775,0.24578353748652154,0.17525187568950867,0.4170760028436893,0.301096766342353,0.08548507957878923,917.1514112459117,70.87028181606043,OVERHEAT
0.2775041884095039,0.1858594410894124,0.06796816548330999,0.17410912482355728,0.3444161539382799,0.04796207447576417,926.1855783957782,37.54652716139826,NORMAL
0.6980003273955155,0.13783313455528223,0.19715957946004686,0.3779265768321418,0.16923709972143533,0.07398942996525648,900.6036759088956,84.92731234280191,OVERHEAT
0.05123403723271687,0.006631238402012907,0.03734677992841812,0.027880834385268418,0.008777429243547826,0.001732545279550185,1.6760014220668773,31.956213154568374,STOPPED
0.6383250124645713,0.38718189858237306,0.08544883900921443,0.4501957740552618,0.20921912301251364,0.13853522325336376,902.2689210929517,81.09038654349287,OVERHEAT
0.2056574561240428,0.34078224715162686,0.05861851575177454,0.3000142331101103,0.14370068548620746,0.09124699280456519,940.402916497989,33.52353307753516,NORMAL
0.058310928215448914,0.02173312659140854,0.012440374448848775,0.029937287856879647,0.024530579787977517,0.0044175809820830355,9.199863285550807,33.89881738573243,STOPPED
0.329409986188692,0.1804227604480127,0.08630913906098694,2.01182470091906,1.7489683128154982,0.11267839058880709,927.9790236970599,44.010870299347474,OVERCURRENT
2.087803900251018,0.6513321624863336,0.7587681025417881,0.4418973232944531,0.6427609885719,0.12684113765840646,895.1278595475657,45.50770939891554,UNBALANCE
0.3888868273482917,0.16680845510794295,0.17222349656016778,2.291796473795759,2.233684919384962,0.36353144891551636,854.839618297945,42.72802714678919,OVERCURRENT
1.9284826200689307,1.1493794924616627,0.8394171242023338,0.4888238746196847,0.6987291323722141,0.14917001591547902,922.7238839338906,44.46379588476792,UNBALANCE
0.3128310363640504,0.38614620996467763,0.10470687796170887,0.3178857445996517,0.11762341753859396,0.07084410679408329,978.8075307040046,30.83266956757807,NORMAL
1.9642277227925238,0.7323866290819273,0.8433442168340071,0.6957358352183287,0.42843023049449247,0.17327971352290955,919.7458670450612,49.007370061084416,UNBALANCE
0.22142654689400826,0.17713378749451597,0.13928857294315145,2.47863285105592,1.4681240781813807,0.33794453094009436,835.5491011431209,46.003071361505,OVERCURRENT
0.07682857938653877,0.0005171860460432276,0.022806823832555796,0.04117701061090841,0.004608213981352503,0.0035501495879935474,11.72530908140185,37.86601446045494,STOPPED
0.2362128689419855,0.284116412724159,0.19411479318480673,1.7708223546139163,1.6095179230882555,0.2577153789492913,949.1741682439069,52.06816088051375,OVERCURRENT
0.5998318797267639,0.22917146101758437,0.06634430219213859,1.5888993002328586,1.9297641756801749,0.31637108242665163,813.7550002978552,48.40203109907642,OVERCURRENT
1.9249774010724368,1.136177900412764,0.8139246274177028,0.5565575743689707,0.5247845246815104,0.16377913970466712,725.0284699966699,30.768499658456705,UNBALANCE
1.9063348008081125,0.9419972701446151,0.5693234933609084,0.538165606210594,0.6332822103820291,0.15735581587287573,808.2167382177079,51.627897855180564,UNBALANCE
0.207007821767751,0.2733972333417345,0.06159490730189781,0.6206750355654547,0.42804790451420904,0.0685123065512881,950.1068011012868,75.76921691750749,OVERHEAT
0.03527326092262443,0.021302249130907544,0.046673146157852105,0.013709750834994407,0.06936340141228506,0.01809943811974375,6.208935755710943,30.537682143329665,STOPPED
0.4174285092843366,0.2432111713021157,0.11356176883090703,0.33168098793365897,0.16514559068870904,0.13444698568834518,919.0461436952768,75.07139258500627,OVERHEAT
0.35216921665731704,0.27861324739233667,0.08399433283764499,0.24668791230386788,0.3986706302620422,0.09748771152483211,921.5834162333358,64.49383063653018,OVERHEAT
0.3665565181990954,0.27067100894963425,0.18905630427991843,1.6215275043996522,1.8419705961193924,0.2353854727588612,919.1918431631618,50.94724615324296,OVERCURRENT
0.3169895849565467,0.3364896329822187,0.10884456716842911,0.5892714615349252,0.4499549357862165,0.08212727627607595,906.6363258861663,83.38965635056495,OVERHEAT
0.4185740570657799,0.20002590970706985,0.21856940054738339,2.4937164786911423,1.7617676404234883,0.15372092571218987,860.0606751752694,31.852565499853917,OVERCURRENT
0.4498163322479011,0.14124107944094086,0.16430812532234917,0.34043554418423944,0.24951280168706014,0.027607134819874694,931.346908927183,36.59989196414158,NORMAL
0.6429443775092509,0.2665132081915691,0.08854047697985548,2.12621963458076,1.8516372127353766,0.15073339893071694,852.5891188528946,33.826344320961226,OVERCURRENT
2.195651297205521,0.6792846166171768,0.8573259720423484,0.5124456913567438,0.6283560188942221,0.1770619050887608,829.9269519246275,44.57249358618971,UNBALANCE
0.06253190518690187,0.013511565440497154,0.03437431862377025,0.014389246322404271,0.007192002094058339,0.022197882981308287,16.477882998567154,44.698507939109476,STOPPED
0.2540945777661311,0.13884493783814114,0.1442365268941353,1.709315599397657,1.588893583052192,0.1627770132994044,889.3654026369255,33.871886092903196,OVERCURRENT
0.526206766157077,0.35081694329497093,0.1340553457468254,0.2624565572826431,0.31611149162666485,0.030321601379050742,951.5162016582192,43.09081456023113,NORMAL
0.6879057249050359,0.2149662873902787,0.0748586834560165,0.5064611003582724,0.5593359668390004,0.13629605150783453,957.0864108324974,82.75148963910516,OVERHEAT
0.5360678584394021,0.39728551194517725,0.16208196408571257,0.23809290067236144,0.27345444995521084,0.02387004960253859,982.0443411247775,38.7337564127394,NORMAL
0.3693300025428625,0.1026005952401731,0.1792362747781634,0.5938988945766588,0.5003653290489974,0.1105367142161991,871.826753797354,82.2462408864155,OVERHEAT
0.5745233330321404,0.20422393596898802,0.18338379916817077,0.2923435640565949,0.17894138152789746,0.059092928535037115,937.9907622466887,26.393354192428806,NORMAL
0.20056617741887456,0.2562865748991049,0.10080808575138551,1.5307129853046366,1.595590891826822,0.11551140630096818,927.2828895371231,45.92520129731466,OVERCURRENT
1.6738778621781658,0.8007418803466111,0.7880215260344834,0.6479626801172522,0.2832492409877851,0.05757858084105677,750.0382259466861,52.16165750687911,UNBALANCE
0.27880967172344007,0.22390080523577888,0.1459964061775625,0.23368500960286637,0.20904807382894613,0.0648901971377851,969.0559955995468,29.44379854259914,NORMAL
0.0036336385495950863,0.005573933993157837,0.0011945646971968649,0.004727682477205286,0.07309006361350842,0.019461016101465924,19.127227791323108,35.051457879339246,STOPPED
2.0237414278966708,0.7382766824766203,0.8184124093806595,0.3915377742983857,0.23363547931886036,0.08970827234500509,753.9101719044742,45.25249434399757,UNBALANCE
0.4123674502497787,0.1674844483127636,0.2288194486001403,1.7665222222756707,2.116802558088053,0.22119500081487048,996.4186475809673,53.74878081275569,OVERCURRENT
0.6214219752656016,0.2913377733581042,0.19554938621220436,2.2810235678058772,1.8070247021454084,0.2108794651225871,908.555486835376,39.88101274565501,OVERCURRENT
0.5559190700621373,0.13954217238319852,0.10748940251678141,0.30964924304590946,0.5274947143904939,0.02888607284951395,884.6502130447266,62.792814916708984,OVERHEAT
1.9659264778775556,0.9686287924117154,0.9435097777833457,0.6863553949265406,0.2200663629935029,0.17971498688266752,861.3989727102438,38.45640914217971,UNBALANCE
0.44880227839060155,0.1836726372633919,0.17749685390409492,0.47926054681968466,0.37421718410127325,0.04575052407896016,909.6299710922179,34.95995865795621,NORMAL
0.22398827568199453,0.21129964108891,0.1333558425875181,0.41483233112399676,0.339800468586433,0.07911784114902445,903.4068994203559,29.94716667196557,NORMAL
0.0034780037111400985,0.0270809085459854,0.02386411796028681,0.010447139185097654,0.022413819471165254,0.029936182533841692,6.631383084878639,30.79441362169438,STOPPED
1.8750312783037764,1.1734845111774872,0.881139316138807,0.6722153411584905,0.5672100872544894,0.07080774765925676,894.1175264560953,31.179757177273913,UNBALANCE
0.6802965135548755,0.13607456575680538,0.11698461620158081,0.5564843616503594,0.3223253305072769,0.12134948243503366,888.7274521166661,80.45465009452002,OVERHEAT
0.09111953546165144,0.044264938569099486,0.015273993335562714,0.058082115348514096,0.07032524820685852,0.014545131273884663,6.38098435324901,29.60272948784521,STOPPED
2.0661429736328847,0.7229489379784587,0.6536882351559825,0.5497422298955736,0.32407348048862916,0.10810886418158813,842.9604371587667,37.72145466416128,UNBALANCE
0.5194239864772583,0.20024166823593298,0.077005757099814,0.2149865414150421,0.3674828726339655,0.02950743184499892,890.9412308149388,75.15202260568351,OVERHEAT
0.6302234813887837,0.3468972042014624,0.2477467287089007,1.780719413748816,1.880105037562632,0.1635043661144115,854.8387047397267,36.50593430013599,OVERCURRENT
0.23045889003144543,0.12049839933530299,0.10176884107698259,2.3977564128556077,2.086869110245197,0.1027231289020795,854.3556759084304,35.515285447714106,OVERCURRENT
0.2956547503123961,0.1485992827406484,0.24621301875948298,1.954661720851787,1.917687557228982,0.36505525785092485,893.2774217097428,41.816434530047076,OVERCURRENT
0.4728733690377804,0.15799357335198036,0.0703545865813597,0.17389002441539111,0.3564074029942387,0.03593733281509442,973.1225730688247,34.0461490459536,NORMAL
0.3737385383546673,0.15750881094325908,0.20286416528804552,2.267150124793635,1.4442551012397389,0.18739065974755967,884.7066343514238,51.2041693058201,OVERCURRENT
0.4201794675935331,0.13812037548623815,0.1205777270335192,1.666270452766601,1.6761879853533077,0.2336515724635963,886.5704247561107,46.60902252998228,OVERCURRENT
2.0072156424345176,1.0891111868003216,0.9801423041749767,0.5858063946747326,0.4972849513275366,0.11463023042866137,710.1800148396983,41.67199740324317,UNBALANCE
2.2286184538254656,1.1160460101510123,0.9565633238613481,0.3094686110290142,0.5980507956691681,0.19364004713622185,930.6017137577076,30.599977204844443,UNBALANCE
0.36217710583720875,0.3311702489343251,0.11627296995483492,0.2710598946220541,0.3895478478958867,0.07746128607954768,956.5735801650371,30.975613527427964,NORMAL
2.035425594678582,1.0628459614648682,0.9790807531310676,0.3922282680642085,0.22779156672841483,0.06791657407840067,853.415626592404,31.440665943087453,UNBALANCE
2.4702419165579914,0.7296982543839309,0.8323743708786345,0.740054199411864,0.2744102732991318,0.11734045858641466,857.7588245190301,51.95527937259767,UNBALANCE
2.2130638447165385,0.5587022598961434,0.945844435147172,0.49304935443359044,0.6902893394720089,0.09982870192727827,824.4552474335798,44.23515588197885,UNBALANCE
0.5342081924172928,0.3615041545541272,0.20547455982441992,0.6522112734411996,0.22761904430639018,0.11501147898526946,963.5639312345644,78.3961579271371,OVERHEAT
0.030099113337491913,0.016527457184025287,0.026187051783703987,0.07247046629164298,0.015391443598919512,0.002247319224929043,17.584559242680612,35.88449813998953,STOPPED
0.03901606551118211,0.025609970605490535,0.008576448869077808,0.09930759987603038,0.05188574177284786,0.004531678235249603,10.883914540953953,28.230417413341243,STOPPED
0.061481314135414994,0.027961908469338482,0.03963610040701954,0.06971409523952435,0.01823512677423641,0.021231065156959453,1.4385676220446952,42.05548418555975,STOPPED
2.207659381605776,0.809953605199869,0.9899442911980696,0.7414039424499815,0.39223289678417217,0.10151031589717205,848.014319874803,44.52673934449516,UNBALANCE
0.3381856378788196,0.29731600018936377,0.1999386955810845,0.2918375613359189,0.13452755629052554,0.05497885489978274,961.4521808143195,43.94023278665371,NORMAL
0.5082981746536966,0.26684474416437676,0.10356004833865906,0.19189357570552235,0.2373723199446078,0.09924530882668403,993.0288623929388,28.993942608590352,NORMAL
0.2166236735645779,0.3029217977664234,0.0769440116689063,1.8090235362519094,1.966652133701817,0.31712403797853606,958.2825674157501,52.272710305375185,OVERCURRENT
2.407419548795577,0.8871979002113594,0.9213502101991242,0.489510142139028,0.2920313951990393,0.14539614287707348,716.7556805990688,52.06959655487796,UNBALANCE
0.2724006057674727,0.24252084343251692,0.238225481986932,2.064874706435475,1.7270777402581077,0.3379729753288587,854.5718921937436,48.06430754524243,OVERCURRENT
0.5637299934502631,0.2562821609927691,0.09226610319822515,2.3578782311263784,1.5584123316513627,0.19983388626978582,933.2500029587549,30.509561648911443,OVERCURRENT
0.49426622072571585,0.2074367407908082,0.15669187643299082,0.6935164803925777,0.45788189147912817,0.113674327243635,907.476222074399,72.0661142903501,OVERHEAT
0.6527117619327377,0.231655083694859,0.22675323299409805,0.348765942695904,0.39173506476566267,0.08115201726021617,926.4275491432946,61.29077345154167,OVERHEAT
1.713215039536394,0.9671564284024048,0.8222531262825785,0.3246591642657719,0.6498494629193499,0.09452764235235658,821.7542054779535,40.42941867097717,UNBALANCE
0.5760693806643205,0.24069552350296355,0.07177433278224801,0.26404733946106046,0.4893341829081156,0.13262712250417688,945.7324418648235,64.33913726824176,OVERHEAT
0.4150820612580572,0.23972821290677346,0.13087563593525886,0.2448899955147583,0.36134233100934154,0.07766302658759902,966.1310729442896,41.00220038748057,NORMAL
0.5266837137991309,0.3948684381245713,0.1164044577156703,1.679863942466743,2.2686917050228788,0.19488394104148343,997.8652197401594,38.71257465296475,OVERCURRENT
0.689257785379503,0.1752757970193196,0.09194460703680557,2.0673984717441836,2.157819505256091,0.3885355481625403,820.448636866433,42.4119730794872,OVERCURRENT
0.6142099035253024,0.2895461753466141,0.15497905175013482,1.6205378990525143,1.705576954205369,0.32426504156828456,926.1114572804261,51.26140570799295,OVERCURRENT
1.7864948113258832,0.7115620479490721,0.605740716458991,0.7172102521413586,0.6982404989332995,0.1249724228204225,885.2871927523385,50.23944135729678,UNBALANCE
2.067042803378836,1.0742172534356687,0.624153822379601,0.6805473880024778,0.560115649269195,0.06678039692862728,787.6871588136912,32.27749608391712,UNBALANCE
0.6467468462838799,0.28986623742089423,0.0735057808876227,0.4011125810439543,0.28451242654387,0.118009657705797,860.6050551765079,67.8271585685075,OVERHEAT
1.7877949547706349,0.765903382320228,0.711305847888168,0.30183046142187525,0.3598961347842703,0.0971046681782713,784.9862710326943,53.04340328582141,UNBALANCE
0.4656776479175055,0.12002208246684759,0.10766112910770725,0.5976877911450766,0.5133043670272511,0.06778110404937682,850.1632533122335,82.98118779723454,OVERHEAT
0.06067546529876712,0.008733733200827465,0.029598874636400548,0.03496342598635823,0.0356723155363143,0.025727736989295934,9.384914218382626,26.276267466739718,STOPPED
1.934470293530902,0.549594161170774,0.7376818417821627,0.6415309550840592,0.6181519182772316,0.08558588522872179,919.6255593303122,44.25216477622713,UNBALANCE
0.40753844127937167,0.11037184621690328,0.22808624603218103,1.6373117626579785,2.2107515269949234,0.28043872605667813,927.0525015077945,47.97514768218123,OVERCURRENT
0.011438141467039432,0.011234986098472972,0.025082937830337104,0.07630624633635824,0.02497367986981522,0.013420926575183253,13.31260783554013,41.49460545020809,STOPPED
0.3534805478117965,0.3207506958066465,0.11628477990377427,0.3284453547684819,0.115007820376049,0.03127802797924839,940.9462231148912,35.531565084190234,NORMAL
0.05956083115449223,0.03379994180092767,0.027376125180924433,0.03682184402679735,0.0016780215187758695,0.01719665795966404,10.88622251955333,34.99549593517649,STOPPED
0.09427355147616585,0.021576160556341886,0.01196805811654253,0.0599656692047828,0.04915512980751088,0.028641959779238488,19.431037940333436,28.04075400708419,STOPPED
0.38743709469204735,0.18654192875568776,0.15251758297043916,1.815823880033295,2.1105734426970217,0.2363324321006236,849.1853245240517,35.550487167580116,OVERCURRENT
2.20292413161226,0.630313687261925,0.9791017652113646,0.3798093596719305,0.5004351713892272,0.07264975619692961,741.6283595569298,33.64267526653001,UNBALANCE
2.2226023960364705,0.5987532538133731,0.7679878022810585,0.4706740236891816,0.3907781352370171,0.055506582828212095,927.0081937304252,52.782903923440074,UNBALANCE
0.44015724712121485,0.3371380916119705,0.11250179804607387,0.4043769781547668,0.30362180766345603,0.04267388954487365,947.5145187599732,37.04501915628688,NORMAL
0.033510917435102275,0.026406051416719575,0.00617167755478395,0.055553859223114135,0.043130894613515255,0.003298667743125463,11.10870268833848,44.54286790439566,STOPPED
0.2525953595257467,0.2926277780262232,0.19583222465705263,1.6572529651277117,1.7007010064211503,0.23701757477179727,982.33819387382,40.54440776107124,OVERCURRENT
0.6477139452093041,0.3745572263550735,0.1677935648073996,1.7394674702197686,1.6413652693294227,0.12220892029998313,991.9556980274992,49.11931461365275,OVERCURRENT
0.08551104903891099,0.013794438407444404,0.022259048372650293,0.023061307201634684,0.06369305059869441,0.028926436008712652,0.15960020762917138,35.02766184779291,STOPPED
0.08923978243858957,0.031198067263473267,0.04789318672138457,0.056772075221045416,0.054934257015156536,0.01106521280428137,0.3652776669450475,25.860619002998448,STOPPED
0.4205597574058041,0.22364335856397705,0.22105554459779214,2.0513582760639686,1.429582489586393,0.32939868409400125,811.533901570283,50.533600584052074,OVERCURRENT
0.3644176892008441,0.28776157101292915,0.05925051625322607,0.45378421641029354,0.198804298834849,0.05813868131394259,965.7508122563265,25.081078990714683,NORMAL
1.574475369158212,0.5247693475879284,0.7310951056184567,0.3793466367823071,0.43317405222265637,0.11243189725246423,869.8522808980827,37.420567853579804,UNBALANCE
0.6154596155359854,0.16277977796262566,0.14561795064732663,0.558403669362952,0.20495747833353814,0.05439168839884098,863.0060569079928,84.0144780807353,OVERHEAT
0.6696731583507611,0.34243550623738117,0.24104296715725854,0.5704942155698489,0.5715772736893447,0.07461868998549588,855.8924058333848,67.12346154678487,OVERHEAT
0.46181746149026526,0.11983497118457528,0.11816780363399343,0.467756960038502,0.30312589209807644,0.024993585340006588,902.9127805560695,36.89036218377757,NORMAL
0.06503486078264838,0.046419518583908685,0.01563028154285634,0.08079643008731496,0.042229420811688456,0.01887971114433664,16.732299292713563,35.70060981853843,STOPPED
0.26751132156144414,0.1236427624287301,0.08304773330380694,0.3795970523098712,0.18636548877171638,0.021997695454403693,988.3266297777756,41.253983103680554,NORMAL
0.5445690267319607,0.14063546509097777,0.1655114209322737,0.3223825497010973,0.13279009273506323,0.07248994621881069,928.9936127502339,43.35680007194009,NORMAL
0.07994463599983441,0.04834315929962752,0.004918776388662516,0.08056445945541385,0.07001080147473808,0.009134442713232004,5.328533449541883,40.46231818324645,STOPPED
0.07754615261997984,0.01911251028549517,0.006452791402303398,0.09085526712023252,0.05716974698840984,0.01200154153850662,13.358435594806782,42.60892824015824,STOPPED
0.24281730255176745,0.21470200166386996,0.05263522321111908,0.24759844569184095,0.3417032963826062,0.04035007184386924,949.0493435903255,38.390092522250555,NORMAL
2.364150757843851,0.5256630148456791,0.6376208305052566,0.7539337025263639,0.318213606350466,0.1047702862367458,909.677934241117,39.98564106383499,UNBALANCE
0.4995050593496252,0.20998535617420666,0.09432038661396827,0.3528403716582369,0.436102637245653,0.023210930936557107,854.6677644802983,60.420968072669986,OVERHEAT
0.6497766195500011,0.38267209306810857,0.0816049383558351,0.6426371684841479,0.4933142795301789,0.036923636775166635,962.8960376273346,84.36717896288953,OVERHEAT
0.25370679818725184,0.12966044773939167,0.06625315929506218,0.42038208103866326,0.33691194091691634,0.05820144204196809,965.7626071652579,32.774410779606995,NORMAL
2.3885139996350766,0.8405719775609344,0.9778677223179965,0.6239188412669376,0.2409757872531924,0.1820576109975327,724.9853511333472,34.47332604441729,UNBALANCE
0.41307078162689626,0.24740988171648734,0.1990356653211084,0.2405102773612325,0.2665791706196615,0.091638269924707,909.8479382730773,40.169510557390716,NORMAL
0.32038157655991284,0.17706699820075858,0.10605936241392935,0.44406080129941106,0.27062872732833426,0.0860363976944874,925.1012572143688,31.508811419330854,NORMAL
2.001188868282664,0.8265826569742358,0.7979285938079823,0.5234973034147428,0.44908238473752393,0.09054616992534067,827.3603631503777,52.836198103403866,UNBALANCE
0.4518198910091485,0.1809454739292286,0.07523312397897396,0.5352278759636586,0.20065653943013842,0.06212541128405265,907.3802393906577,64.48959848116219,OVERHEAT
0.023901012810368927,0.03223272284116687,0.0023555487541935486,0.005230377570667678,0.05703723701152317,0.029293181328959344,4.3027196073214435,25.46988227619946,STOPPED
1.937632131514348,0.6891455020370446,0.597487255504239,0.31916016909962414,0.4303712224498456,0.10741982242012114,926.292546794989,51.85194962382865,UNBALANCE
0.011663783742762958,0.030596160489800146,0.021613354470018466,0.017683174949761526,0.05191253063659989,0.014112601755913563,8.602669186237502,39.656137794659756,STOPPED
0.27162143807818806,0.20455210591013637,0.07304275954331851,0.29023248821615766,0.33939724178649866,0.036303966961999355,970.7508264572729,75.03503559373246,OVERHEAT
0.5005097076468097,0.2532330882980768,0.1833695754060231,0.3836619414144833,0.47781451683194476,0.051675947201010805,963.0137654058599,68.90776519427817,OVERHEAT
0.05041725018032135,0.029345544292642287,0.011358188479834969,0.07957374227749525,0.005655524706132642,0.01407332575245106,7.145473177005634,40.05520009439986,STOPPED
1.8760969678406498,0.995799575016809,0.918216280005526,0.35594714312601466,0.6444001780253299,0.06768087684847171,763.107925562707,37.03870456031643,UNBALANCE
0.6792955869487858,0.24568887357140823,0.20212466739100493,0.3847620544288185,0.21813154825237388,0.03952731301548856,861.3430313352071,73.94381902650858,OVERHEAT
0.47149424550211405,0.10711565296343184,0.059123441631106215,0.6283123801230206,0.549793581485269,0.14764856469980733,958.6696813885509,61.17863502712232,OVERHEAT
0.5959436239833328,0.2886651331781295,0.23235334935943525,0.3484967040874546,0.3885408070981338,0.07817760271155408,888.8050274766805,77.99614333791945,OVERHEAT
0.304236589658477,0.2797823373273815,0.0638581528279154,0.4448002229993493,0.31706646438622565,0.05666243810539495,938.7528338155272,35.393796448128356,NORMAL
0.5820081648341959,0.2105100604083808,0.18444723203748659,0.6515215916069877,0.4714555907958191,0.1337818758831052,956.1495664054064,67.97984018128453,OVERHEAT
0.047035143178693964,0.027804906434897244,0.021601182782529822,0.07394751695815645,0.0465127681121552,0.0010732094417187099,15.059054648695101,31.27429288680846,STOPPED
0.3405672194105656,0.36343963941637525,0.17666113025748176,0.371650616389007,0.35274939182171305,0.05179999057583015,978.9052687658478,41.872168333666295,NORMAL
0.2432263137241178,0.3827614268677937,0.1607454559663284,0.26062062230031824,0.1532340072934372,0.03427558986419407,965.0463654084435,43.02409151867069,NORMAL
0.43875934081429124,0.32770939376662966,0.06345053158929362,1.7955280317627142,2.1494088114330974,0.1921621137059396,831.3184066813933,42.66953444836112,OVERCURRENT
0.4296893006220627,0.11846817060505938,0.15585227867834175,2.466001106692842,2.0811428913423082,0.3366592290473077,957.9164029305778,53.269010776519735,OVERCURRENT
0.44027191967124335,0.37426810994593795,0.07145969333037665,0.22304325225816343,0.12228082068579724,0.05584732374945378,904.1865354459582,35.68789515590715,NORMAL
0.6228964428911976,0.10916623747978355,0.22818887374145763,2.1816233204867044,1.6109883759278731,0.10237438747167002,990.9929848970919,34.47098137670639,OVERCURRENT
0.00013353614457336515,0.0225889424850903,0.0013351992931031121,0.012176717346825672,0.057787575479420664,0.015328827207208481,19.31313780276077,31.842923086212547,STOPPED
0.47891055779381503,0.12271549004710297,0.23284691449902734,0.6827893503383582,0.40812394218779513,0.08043852022248683,990.7824033116293,77.0563885018869,OVERHEAT
2.0513172059439135,0.5583790272209302,0.5205030224733005,0.5093922258291501,0.23660757563656226,0.06852819292600315,791.2992489422699,33.47088319492607,UNBALANCE
0.36569552777363173,0.34936074151859176,0.1052620689644661,0.4589180865517207,0.19271779072452022,0.07749677116522179,977.4053071796534,26.511602440533917,NORMAL
0.09704150144902926,0.02353635020254612,0.0405529357665413,0.017962544047731035,0.049812905168431655,0.0010534197440561332,7.030560413794831,25.403934298122067,STOPPED
0.5206251880867463,0.11223410921261927,0.24433265585188774,0.471065991398081,0.2829498004023573,0.05946232659187024,981.1728095631682,83.81426084473053,OVERHEAT
0.01855169015005789,0.007241842639416346,0.030245409547644944,0.04170825076146404,0.060552677183144124,0.0289954683419916,9.412698713563383,27.534191667421275,STOPPED
0.34921444504938665,0.10426065399286111,0.062308134878234514,0.261370984069927,0.3906347964794482,0.0634833578778817,981.2997133314076,36.63183651715887,NORMAL
0.0022840718965361773,0.03915282965660202,0.008032266589619813,0.07824714661768295,0.046535077308856164,0.019692901481139783,17.440526685928425,33.61895609457113,STOPPED
0.6741974457472533,0.3880826603527725,0.1329937197994702,0.36857671064802533,0.43571393994651697,0.11943323459971955,976.5450912476279,76.19034423987804,OVERHEAT
0.5515189856287075,0.33798687526869275,0.1753854193949126,2.2414926227617946,2.1127035171754986,0.33267508161855397,873.1627608150701,35.0153131231139,OVERCURRENT
0.5248881017437719,0.2920790448818935,0.18055167695932728,2.3532743625796977,2.0731150753696803,0.14240078733454536,885.1071790789985,41.64654536835436,OVERCURRENT
0.6784521901126297,0.11545225041586267,0.19365450247766564,2.3357389595674407,1.5091123122928227,0.27459084015118684,864.2450458808044,39.41197077037555,OVERCURRENT
0.5825605142855781,0.37853057207408514,0.07530525152781219,1.690646069709386,1.4811774093511045,0.3601518751391516,909.866418345999,32.79703962397599,OVERCURRENT
1.5562579460347998,1.0684534007491364,0.8901750939283635,0.3597085691504165,0.6494282231028331,0.1486367420291742,856.2630808404012,45.80777522807411,UNBALANCE
0.396817862055761,0.123337670759126,0.12900307640683123,1.7230447360473908,1.6537428016603029,0.16478049504596498,879.6302171673285,30.87651355885402,OVERCURRENT
0.3364276726526016,0.21925261923139522,0.13195175376320473,0.48222882296017433,0.16342014835436747,0.07037543810641951,977.9990992178759,34.405902353659144,NORMAL
0.5913009282100097,0.16189440660881116,0.07483164191852895,0.46373745769538266,0.3960191551873127,0.021540177732002955,916.8691584406918,27.856301173558617,NORMAL
0.27347070406643686,0.2787034940837376,0.23499706969283013,0.5588804498659508,0.3634942939673632,0.08018486326007787,903.6806826635828,78.80623999312246,OVERHEAT
0.4888050919043952,0.23826244975276187,0.10325717267575087,0.35813387287713216,0.37095423182772036,0.05818739439983217,905.1932601799007,34.642203314707245,NORMAL
2.197370127777569,0.5851106983450938,0.7183420745789111,0.6132925282883828,0.5009584782457331,0.157907990655211,808.3485312649783,42.76255985302992,UNBALANCE
1.5588600485374444,0.9274907827439158,0.7693889211828788,0.7037168832809062,0.33633713043841973,0.10081772922422716,728.2132832426126,42.06500870988026,UNBALANCE
0.5149037050802907,0.24002287124170987,0.09448609212439359,0.691208093185981,0.42889012463941323,0.13609439249661706,988.3282524465797,80.38541395098079,OVERHEAT
0.30827536834956876,0.28198647448974823,0.12679885793737372,0.18694394080987564,0.2849050392596747,0.0344173988533544,974.8064569434783,41.62375639765642,NORMAL
0.6658378864245378,0.21483858651235563,0.13710417174084133,1.5336245032471556,1.4949080377875388,0.34813133093812987,923.2793625519735,37.94249541310603,OVERCURRENT
0.06585777462123009,0.013825246732981994,0.01636251730459537,0.04951051520894248,0.03705492287429449,0.00601715017816144,14.216879946170184,29.546873867610906,STOPPED
0.28352059410923836,0.20171870803850425,0.21925170195364374,0.20581341827353972,0.3699023869357052,0.06919715862662804,864.141347003901,68.14371988999117,OVERHEAT
0.44639390559731207,0.15716796574359163,0.08545000500549851,2.414252896588202,2.2452610894216387,0.3822321860716543,881.8227764518067,34.15972851049472,OVERCURRENT
0.05951061555602462,0.014148400817598345,0.011592445572817517,0.08350439048778174,0.035749819188819705,0.0033803634606002705,6.236906046701702,29.37169135074814,STOPPED
0.004489345292989078,0.029685128234424235,0.02129591678565696,0.020469889324380475,0.016303010451961024,0.0008801894917790276,7.116974140565602,37.235138597072435,STOPPED
0.25806886261373874,0.3639799435201684,0.13604867598114756,0.3214678392762781,0.20161316574545218,0.04058731466366057,980.0393741115906,63.81207125472524,OVERHEAT
0.2073645651921007,0.11371378746905784,0.1948144413987165,0.22314072003116897,0.35448813684824143,0.0612791507940976,947.2241531980294,33.147541322539425,NORMAL
0.04838515778992062,0.010038550732649226,0.04202667937360639,0.094062950320294,0.038257385012701796,0.0033712434728433616,5.777851192414536,44.115062765395216,STOPPED
0.07055510164434563,0.04022892215950788,0.02702357016356933,0.019132988601991696,0.0702745086203726,0.027231855865472256,5.926627172328214,30.459201751196613,STOPPED
0.30348801182641355,0.3756216688320775,0.21411292178392816,0.5132176260551655,0.16764079826010955,0.09769151418829611,974.4898763206536,78.02025618166934,OVERHEAT
0.23568065446276082,0.24974371819345917,0.16248811161069587,0.4129208444964041,0.3138604383946213,0.039324115628426845,991.7740178459637,33.921009858658024,NORMAL
0.021076629677436867,0.0012263634192148265,0.024329879395063765,0.0848681479594794,0.0348531031721438,0.02518221794878055,4.368536795768283,37.61711798477779,STOPPED
0.33850289387162313,0.29797552916065584,0.21635828909524873,2.3505050937362677,1.637177090376054,0.35541899241982977,840.8951099641998,42.83281190167456,OVERCURRENT
0.05130681132784146,0.01803156794079825,0.042257511249301216,0.0010595953701884487,0.0328453851763184,0.020539870087633395,17.88851834571679,44.44202998536136,STOPPED
0.008284296445131357,0.032906786564198376,0.025734607811260482,0.04830486218975197,0.03345477737246763,0.02316249527749679,9.218522276909438,30.370682866521285,STOPPED
0.031114141913728934,0.016182485901495836,0.00823363586318539,0.01653189644548241,0.06666944753134872,0.029852691310580645,16.113704550309553,35.14923633415441,STOPPED
1.7672927376003011,0.8697821543080906,0.5579859897385228,0.5601035764665954,0.3331286470264021,0.16584609853687415,732.1254490658404,45.748803459439195,UNBALANCE
0.06733758786111568,0.046294240712020866,0.015117255547289744,0.022490630168724303,0.0372765694144202,0.021446950718395738,5.508988901183565,41.52053506895008,STOPPED
0.4032631266270805,0.1602457717366183,0.11654601281729171,0.24210463127171553,0.39330487956233673,0.07951629816753479,955.0132060074101,42.6216293987333,NORMAL
0.09035610425656125,0.030442843142523504,0.03624077508162682,0.0029899761741688847,0.079578248151983,0.0024973117127961163,8.118056874937418,40.42118438494878,STOPPED
2.2549520831938024,1.1576343888468585,0.9972491579285845,0.6465419574645183,0.6245696444842002,0.15722255191299578,857.519035913686,30.15574313370752,UNBALANCE
0.3308053129352083,0.12968622987924733,0.23664082927772329,0.5422872257588196,0.26912767842226853,0.11680506992621999,994.0550921155042,83.36789504374923,OVERHEAT
1.5688516330299997,0.6676690807029299,0.8002656368879806,0.47940057437158545,0.5137755833133169,0.1359276421865608,755.5008583923975,48.03208261535736,UNBALANCE
0.3981707688639591,0.3337822608449723,0.1418117024725265,0.32136501522330235,0.36629061116406825,0.13221128757029374,928.2470140796217,74.09834212952785,OVERHEAT
0.2656808934490033,0.2553984070570652,0.11102419027188573,2.0247526837267866,2.037727244701214,0.2848448440014397,860.7167427722289,34.8702726687941,OVERCURRENT
1.854323033787416,0.914110737385095,0.5288842515019764,0.5615049665899188,0.6652257570566924,0.12246874434951822,907.0313766897577,51.43646809853922,UNBALANCE
0.5957707646727692,0.23889212989945738,0.13946062063386078,0.438043401219103,0.16413671600713292,0.021839786037615622,960.3158071920858,30.916475399132597,NORMAL
0.6229179567608886,0.2083683495356662,0.16935389409414825,1.7891365143492393,1.7440031474308475,0.22213232110362702,836.8499749770411,49.46647489938147,OVERCURRENT
0.6392198229175783,0.3215768938765328,0.21895731296656679,2.0950059073370317,1.4264247474868836,0.1496813448820443,881.0432036985532,54.74758980167672,OVERCURRENT
1.8457727840530196,1.0490616379944455,0.6437397985240031,0.47674423057643023,0.3283323468918916,0.09396899826992271,904.5580658538238,35.9765753754437,UNBALANCE
2.2932825306381854,0.6043004188312966,0.756110004450741,0.3180042184581651,0.46732917038267197,0.10468684502772317,764.2678004528283,42.0423845321133,UNBALANCE
0.4650296538641975,0.3119695472703189,0.19217888078500778,2.2887136597235918,1.6441489114712962,0.14716692742181714,974.7419055410833,40.25253296753127,OVERCURRENT
0.08053771780235744,0.03743455901641472,0.01016647793108924,0.016076168068944064,0.010564630454339,0.0016342211653866344,2.2975022005471057,31.977696258535428,STOPPED
0.5736849358681735,0.22207941028671685,0.0709575280690884,0.24877096297753473,0.3844809507473512,0.09766618362285026,969.9732439571827,30.589420806016534,NORMAL
0.43645561063245275,0.38301171996674777,0.1557928732148515,2.4750592564586427,2.2568179653018303,0.1552144268813981,856.921303205197,37.494756372330166,OVERCURRENT
0.29040786186097595,0.3369220695382579,0.12531839911988132,0.30848236357692016,0.176470485718297,0.049462951675191005,944.3781650588757,40.78274153590634,NORMAL
0.2956511615128324,0.3650710074473904,0.12262593797481909,0.3487254214704245,0.3844697258204902,0.04274808723800903,958.4700131520865,72.65298065631873,OVERHEAT
0.009341220944903484,0.02512622906024184,0.006069991505392381,0.025714308506798747,0.07334273577897847,0.019268554129366313,10.19934678134478,42.53585659793775,STOPPED
2.2528018880917946,0.828400850265443,0.8555209661049272,0.5471081341274517,0.2407731255710825,0.1871788000084591,795.4209158531671,30.408457237941946,UNBALANCE
0.3630180353171877,0.3889178206460455,0.12016632761657918,2.469297929339691,1.626383331636145,0.11139344745873014,996.7575748958338,43.827139924821125,OVERCURRENT
2.0420658881171505,1.1904521958464578,0.5523242721532284,0.39418310044463367,0.2568979901456714,0.1345853391087094,807.4360168118982,48.05143022704332,UNBALANCE
0.3372618768814909,0.34361873465815845,0.13372061420659295,0.3194500867444374,0.1131684659632374,0.06534768808628279,913.155232508791,41.339280754431584,NORMAL
0.5942913712549572,0.17874168692464792,0.11002949398271396,0.45526068942506687,0.3895927005352131,0.13606039172334672,934.0666868060423,67.67431731757493,OVERHEAT
1.9684574167022175,0.943260736646883,0.6368763245368205,0.6427216389231599,0.4150496826765454,0.18763079672124494,798.0747810104998,50.02133376255351,UNBALANCE
1.8919557668914675,1.0059581104404827,0.9086695878685542,0.7168188525968041,0.2656001950113045,0.1405310147489019,817.379107825762,35.1571359380948,UNBALANCE
0.6773395874831591,0.134514541672266,0.053545050760311554,0.6811115678465487,0.2983886908888956,0.05250136877648376,854.8315625791536,62.3873472909464,OVERHEAT
1.6457081391551662,0.8797645536690297,0.842452961478172,0.44683410710384186,0.3787658053536881,0.19396907903882588,761.7843084824549,45.4013401420227,UNBALANCE
0.5129592309145048,0.39049989943623076,0.08662321181264021,0.4969385165732985,0.4126602437599556,0.10874325511340804,885.5457280579801,63.03174973958747,OVERHEAT
0.545592275716134,0.14064904481955154,0.23182880347203638,2.0953395751695014,1.7080232063459184,0.12098501301469781,841.0026435985783,45.92178690376258,OVERCURRENT
0.3185295191758974,0.24302674208057642,0.06175708669284477,0.3775023818976101,0.2566387799183928,0.07161907967491385,871.5460139365565,79.31160800645299,OVERHEAT
0.5274401084607918,0.2147406504846663,0.16282435459798433,1.710120803132744,1.5930510966506974,0.26598441686433716,981.7334297440086,36.89557308280715,OVERCURRENT
2.0453344110360243,0.858519341445005,0.5961456644863785,0.6418864505340446,0.5288804741649071,0.09511791407252929,948.5426011198689,38.94393668215997,UNBALANCE
1.8621698101002027,1.150681769702759,0.6835090527918857,0.7300430956526747,0.37299601312213226,0.059673681489102945,786.3606811381479,33.74350535530156,UNBALANCE
0.27415694348780056,0.33566594969098784,0.09552806945366413,2.45492779633273,2.100372750278632,0.18947236028664233,995.3110315018116,48.239500787238285,OVERCURRENT
0.3117010131199875,0.30531244711527933,0.10577597626418411,2.296693191499927,1.4878809424420891,0.23186487692308025,953.645629122392,45.19578130174193,OVERCURRENT
1.54126019176584,0.6745142032473004,0.6250939777491651,0.7993266831620858,0.5691224757397324,0.07468477536312601,890.3958077493248,44.452714326919065,UNBALANCE
0.5169975362024362,0.20476992845305944,0.24358479359996726,0.22262057851242845,0.29726375129884597,0.11576901562891191,906.7110704050434,78.22246407898257,OVERHEAT
0.2402276157993063,0.33700171471168894,0.18754120965165727,2.0129656669164095,1.7830422839690674,0.16514375861633135,850.8260648150351,31.13881501967651,OVERCURRENT
0.6652935023118993,0.14746554941431786,0.07914966542535679,0.531857109707688,0.34005437451030296,0.14608259535078838,927.2384315352292,79.84604453271346,OVERHEAT
0.3898210563635033,0.12555299781673285,0.09390387824194697,0.37485439724817704,0.31342857896835047,0.0891134173347736,969.1583231167382,44.454374698038805,NORMAL
0.5739160154517221,0.23057104470578352,0.18563040232244243,0.3611353859728953,0.541183137960017,0.11436030932040801,994.85842855023,82.73502855094988,OVERHEAT
0.041843189367384584,0.02358522580764093,0.0021965639663518222,0.04573121456013375,0.06653613486391889,0.015426054843732828,16.184821520934356,30.637695659278172,STOPPED
0.5854916803408179,0.35224632856514915,0.16128477495549548,0.4042255006828498,0.3811329545152372,0.07938192220093641,967.4249933381221,40.10839662855081,NORMAL
2.049305576505265,0.6842504451475326,0.831495743203509,0.7442894881804769,0.6553146243750572,0.18971619789496758,750.4186625498022,33.09223148733236,UNBALANCE
0.43808416950901796,0.13968848753514673,0.09155350607334442,0.33386932398591623,0.3568690299722064,0.03652218488421648,977.4703110304149,32.110852863197096,NORMAL
0.08131840150469097,0.010050724343449807,0.03878859520784994,0.0601395016064718,0.03897530453679602,0.006145563744548772,13.311910606143575,32.703063762881456,STOPPED
0.5412789175919311,0.34002199345132733,0.09742594570279361,0.2450364050841829,0.21275619798535847,0.08754846674814556,921.5723023200472,37.55176173710419,NORMAL
0.3359475475166368,0.10628763605253244,0.24632598873141104,2.0056994727661603,1.9980135211361452,0.18426959444924182,883.7406717998971,33.63182634713971,OVERCURRENT
1.6578868215804325,1.0638495207935192,0.5090006154732617,0.3084552047788809,0.5271154913869187,0.06409784892765809,878.868336288908,53.923882058350785,UNBALANCE
0.28596724725168926,0.3356605005970922,0.10417635253581464,0.5597797375426765,0.38922023461899263,0.08398077015756816,942.9818315956976,71.77292335846771,OVERHEAT
0.6713164610937861,0.1690581186782671,0.20675660342597385,2.212775724087443,2.0986165586455043,0.2754773964761512,837.5642369502997,35.79591723366295,OVERCURRENT
0.4151703219187973,0.26608868962501114,0.12124018489275586,0.3857743286589348,0.2033415712787192,0.09552528553252046,915.3798510694012,44.816659878484714,NORMAL
0.26035589848023166,0.15013663268187774,0.06370095493469384,1.5692801930619213,1.760822091261661,0.24630614080110744,963.1663854865253,48.02573971495441,OVERCURRENT
0.049389906057597126,0.04174289627759287,0.03998717226431714,0.07141889289430092,0.05045392396871891,0.002800903169516393,5.424568341088822,33.18089245081802,STOPPED
0.027294992653904872,0.008502107724656278,0.03647737623269842,0.04386791839430463,0.018145306793817994,0.0022938060134933456,11.286741109761177,32.693943554010495,STOPPED
2.402890447334766,0.8651086639674341,0.7008960355491141,0.49760586960790587,0.5588716721079581,0.10675900930924957,861.214077640913,35.95629619181192,UNBALANCE
1.6075391328076174,0.8420346885021295,0.7287867393774565,0.6179793802385734,0.47321380841916955,0.07636289725148579,759.7201958037599,30.967931752831376,UNBALANCE
0.5266424074642579,0.24519604167636974,0.17045352486741874,0.22468709158608058,0.243502000538481,0.09050461344582586,979.6157077877727,27.11701392071561,NORMAL
0.42518311697700806,0.2648446081510342,0.14275946095327163,2.2040297775545907,1.9130839166546627,0.37490928700693715,908.9457871904108,52.94503323234863,OVERCURRENT
2.4702628458571465,0.8804260934259003,0.8637311403965688,0.5113264245739995,0.44347532380767973,0.1369101829883564,814.7746295461385,30.89711169042249,UNBALANCE
2.496457645977675,1.1306376199210588,0.8381361997870802,0.31752490810235084,0.489650039949411,0.1706826324121235,750.1887834788089,35.91713806879679,UNBALANCE
1.5626429526842869,1.0612339788879488,0.6116597881357744,0.40515555758127053,0.38034795769085183,0.1916581755150371,918.3543808598843,39.389120843819946,UNBALANCE
1.5476555230293627,0.5445453497794197,0.5080829515075331,0.6378959012110175,0.3530752860688149,0.17845654608789008,908.7866820133864,49.00508114593518,UNBALANCE
1.5092359614418451,0.775489632868881,0.6915475867049157,0.597847625231176,0.3583973987396395,0.08127127866797634,916.7106115833507,37.40787212572893,UNBALANCE
0.65065912991111,0.12169059854732503,0.06483374083241358,0.4586287117811953,0.2475098668666802,0.05898236321165669,882.325657912052,72.88790296707623,OVERHEAT
0.011257514796169654,0.01589243490474412,0.02176531316519837,0.0711308881789021,0.015057211474612213,0.012442827440623134,18.939907018889695,40.11934817388289,STOPPED
0.05393202538711417,0.03705391817123684,0.003452648012670906,0.09279598331704234,0.020023133257407535,0.023220877353481377,9.368442488484396,27.882009719944453,STOPPED
2.2396138140925275,1.0228231872035298,0.5956207068391483,0.6349488099693008,0.6324601582787525,0.13438132337235198,877.5479033593581,37.824003385610574,UNBALANCE
0.41523726153574336,0.2142179467065793,0.10716990389408479,0.47089578907002716,0.32977112463593156,0.04470283953901651,989.0516924276379,42.804135868346606,NORMAL
0.3800723690026072,0.2289723710585137,0.16612567211092205,0.3042120499778007,0.5664691555138823,0.07478865563914934,906.9802207901147,79.27781846722681,OVERHEAT
2.298282794764862,1.1973797561191024,0.6681437971924962,0.7146754349949507,0.3643782723150968,0.17527068390360706,804.1370853588671,42.40472721572599,UNBALANCE
0.2362002064880847,0.2879445032832825,0.15929885117093007,0.2690327481251308,0.2033310535101677,0.05459213618127341,900.656670147417,63.73875435412374,OVERHEAT
2.165708602398805,0.6637344527547935,0.5215799057012321,0.5593827098986913,0.37801359340798313,0.1900875463858947,817.0508842296118,35.69323953350186,UNBALANCE
0.6294234533804464,0.31906439698669886,0.11961332572908634,1.6537435108461465,2.126018860868096,0.21867444981739936,828.4227702733806,47.03239389688666,OVERCURRENT
0.49553164390156407,0.20591530532965704,0.12451695884639158,0.2692619799806793,0.20056375255368847,0.07134184523151156,931.668965428756,42.03940817265417,NORMAL
0.20875943102654593,0.26769200489793504,0.22598109340046446,0.5234418296528967,0.3660588468420707,0.07975982796596438,906.745983942925,65.31096767074051,OVERHEAT
0.5593242272409822,0.16800523465054062,0.18062028138131175,0.19064409747052588,0.2987244554005163,0.07912940847710424,969.1179556257931,35.81985483473136,NORMAL
0.33414832777357084,0.2645011490272583,0.13105870840795214,2.103198652199864,1.8308203985299465,0.34259348412267476,804.1999002327334,53.494760341447744,OVERCURRENT
0.21804473766207566,0.1862707802759237,0.05002491646005669,0.4820381949290752,0.20994908087151526,0.03167393976142992,938.5687552821472,44.67208090582305,NORMAL
0.3098143111744259,0.10455682190929277,0.20286980547728795,0.35277633762240956,0.4444678922429197,0.09270704166933037,925.9575302068719,69.81003267674383,OVERHEAT
0.010100157540506971,0.008514348178235214,0.006932392138139238,0.06806472255718964,0.04101935062933028,0.021490815128076133,0.5589770368515334,43.44049007543069,STOPPED
0.2589814762300977,0.16084577334890587,0.11362744650556506,0.4728342629484813,0.35979369871873246,0.04188923481243452,929.7917440287998,67.1773343795563,OVERHEAT
0.34180754170203087,0.39346028810783085,0.1510477123459684,0.4935779478435248,0.25618886165111315,0.10902904763845615,933.5477622236391,67.14402415904915,OVERHEAT
0.06739097483882633,0.022877360913186064,0.022330353539496885,0.05650859800356306,0.00742664368297703,0.008404215156831582,9.698015650246191,33.35065353455431,STOPPED
0.45244870294352274,0.30091977501032896,0.11252561350426488,0.23411980421776593,0.2025156775816257,0.096444953755797,919.8168127503144,25.103281720809505,NORMAL
0.2639590381265409,0.23103345149964022,0.0987635685637505,0.47732985309072284,0.1215631263770216,0.02752482747821685,948.5864880049081,29.959340077628532,NORMAL
1.7736351392162752,1.105354302820425,0.8179300536131175,0.4345074979905907,0.5885123898399018,0.08801145698508547,772.4380548040855,49.64888176786329,UNBALANCE
0.05517799387065773,0.004736157597258501,0.024606640544500225,0.06577603465998909,0.023000123576091235,0.02356329966894902,15.94921714105646,30.631153318429387,STOPPED
0.6899730872232606,0.3068530405868478,0.08932997536148822,1.9728979731681637,1.908230390275674,0.1643625552301145,816.5429371848356,43.8910484303392,OVERCURRENT
0.44260955595669776,0.31042918626703064,0.19642959903507912,0.3027496615123685,0.33709404413118793,0.03995051660371489,990.4039838955173,29.59219594827995,NORMAL
0.5540380406689762,0.17408974974183236,0.09893605804532427,0.5142581841725085,0.5103430306725676,0.06958558327316165,984.9404687573387,76.26097623758344,OVERHEAT
0.5803947992411914,0.226244082610662,0.14309271952538805,2.3428102123048817,1.5145069926299886,0.3219145385819666,937.9393954760517,53.51236428626187,OVERCURRENT
0.08236250718498067,0.01043941443965641,0.022570219673339626,0.022428909351004757,0.04735229989270719,0.006029670151181573,1.8848552192235446,33.08705178202717,STOPPED
0.0162900047900561,0.044424467231520215,0.013600706027712834,0.08117479318438842,0.029416798365085876,0.028911194106738862,6.449733151821091,44.94962285889804,STOPPED
0.052711092099747225,0.016425200874536378,0.04855971710190418,0.07419381592633016,0.034411969755766644,0.014738308177071544,12.414625404679105,31.28693144310472,STOPPED
0.31885039776475116,0.14604850776299688,0.1878491648516713,0.15740929916455768,0.24782671444425253,0.07329124173380837,916.2458982322594,27.70993719975625,NORMAL
0.20352610574287427,0.32763912842686704,0.13693262268113238,1.6592555674885465,1.4411190582343898,0.15206162856795627,802.39349492546,37.50318937479404,OVERCURRENT
0.3027754566348244,0.1343559838379563,0.13840394776788112,0.4610986232022256,0.22139175648395504,0.06052764106435969,954.5741535780102,82.33720408942983,OVERHEAT
0.03795794831620158,0.04568021675579745,0.015166192924668582,0.03222334293467396,0.02909627388615859,0.0019102812622793163,0.9343680364908424,36.05238226085308,STOPPED
0.2941666127694982,0.19037473747867617,0.18835786680079014,0.3459870030714588,0.508466881135943,0.14883123501216805,932.2156887861986,69.50927080193767,OVERHEAT
0.014019414555925126,0.011963651835707328,0.014956294444905927,0.08934820646453653,0.04989980835199531,0.008209914274997272,8.87890656220961,25.774527725214785,STOPPED
0.20095322972674,0.12146997131369798,0.12995502864911185,2.193709575263984,1.6866328062122085,0.39997333698530313,994.3537550693947,37.245632104431664,OVERCURRENT
0.41151629338976403,0.17056786584931544,0.15137969797134754,1.7062692438475495,2.1940438843713563,0.22709527234660312,962.7981141314134,43.477459536734926,OVERCURRENT
0.5593296434056623,0.2181140715392506,0.10824367138160942,0.6273997617245735,0.5315047436092712,0.09123144173758575,982.321526833901,77.29065089556863,OVERHEAT
0.22826851316032643,0.23964749414546507,0.23657526041827465,2.0647778410298603,1.6565622734464667,0.3094693732967279,950.6811068284817,45.18184574545884,OVERCURRENT
0.4524811695607969,0.13186942245050576,0.2496416349156862,0.30435163463518605,0.3283078760317655,0.07177020637790488,911.9573990682197,63.89107405132051,OVERHEAT
0.04167108971989535,0.03894272800339306,0.04397248101916779,0.02071293590394906,0.07712667742436585,0.019545911213928218,19.594443761132858,38.59523532349677,STOPPED
0.5976592757289183,0.30566928935401794,0.058088714527120326,0.24241802194590623,0.5298810691030376,0.052705713324618056,850.3551556937861,60.74849256849825,OVERHEAT
0.34482254208666197,0.33939228576186165,0.1327488306092559,2.001746923620721,1.9220911814512047,0.19655159009294804,975.0918634974604,54.45467337175559,OVERCURRENT
1.7567540484597912,1.0561125206287456,0.6358306349231748,0.5137974727634462,0.32521201929194943,0.12320942996570336,818.6182477671479,44.88548164689134,UNBALANCE
0.43537831061541354,0.33027254987955595,0.0660117541191077,2.188236805170461,2.271279292328888,0.15382790527042675,967.4487052825863,34.00398750023093,OVERCURRENT
0.20093647876914844,0.30865753662595397,0.09320707480140472,0.40387282639560673,0.24812558091784626,0.04749568073067891,915.9465215390935,64.0299173947017,OVERHEAT
2.018822277982878,0.8534300055704385,0.5042961062197342,0.7228075390526028,0.686274574352435,0.18843971334491272,799.2153999085651,43.794654261222036,UNBALANCE
0.21294169642032812,0.3753706338569709,0.14885721306824323,0.1608183056103569,0.36804425423330156,0.054360782526538726,961.0026959570217,38.72759243473496,NORMAL
0.22945543653314693,0.20312297214694064,0.2322385177940035,1.6248611722755726,1.4385710632868394,0.2616066856496586,961.5464448137625,39.803390594185444,OVERCURRENT
0.6950411539200148,0.1604007820702159,0.16809581797248296,0.3055325451714019,0.449593824689803,0.09504910322100954,892.4856460944312,77.99481605738296,OVERHEAT
1.9425649589998,0.6216211537877231,0.7635666799661944,0.5227328523451317,0.45758606178514977,0.1694197505197328,815.1140789298745,39.60225377402965,UNBALANCE
0.44771333141938696,0.30390577411556574,0.11363239418134109,0.2825204226079233,0.3361309753295859,0.029619995619063373,900.674905123757,41.17224052386014,NORMAL
2.269514220848592,0.8767935297492699,0.7582803723346736,0.6649988354616352,0.2778189872794759,0.12240284302467579,849.0709975011026,44.7788973792228,UNBALANCE
0.04283868296331356,0.041773801063393734,0.014840003997171553,0.05213137778988669,0.05253832418007732,0.022165715450909913,2.137956425799985,38.2675389534091,STOPPED
2.143946552472587,0.9080316528703232,0.9382861760483374,0.31572374454948615,0.4789519629499738,0.13773802075167405,768.2885372639082,48.771014804489816,UNBALANCE
2.3491404034178847,0.5773425914423964,0.7020468915324775,0.47458605504955814,0.5695530554664449,0.0728223769755708,809.4397027226848,53.036273950289264,UNBALANCE
0.03385023278115481,0.03177553170926319,0.007228145061073877,0.053231358624602966,0.0637940127020721,0.005469591744227319,4.145005823854135,35.84832844166126,STOPPED
0.5180866072028514,0.30320955511497677,0.17427622594059572,0.5102950649397335,0.5209730189481092,0.1254491736464215,956.0734654885579,72.30400358539717,OVERHEAT
0.33494727620354947,0.3878456777021262,0.15934163273783442,0.6854416393152594,0.1541322900965256,0.057923123211430255,995.3883522628981,78.1461242237801,OVERHEAT
0.42371891106869575,0.176288299992454,0.16508630275686692,0.364112105167954,0.554604850420225,0.07301530404250609,997.1572797131064,79.51197552166776,OVERHEAT
0.28926589823383203,0.22952797959991297,0.22441623971339358,1.8120408099209506,1.5933774220810584,0.18956837368706073,909.6150762865304,52.03728902507625,OVERCURRENT
0.07040843859756316,0.03775482671013593,0.033361481916992224,0.028570712199032424,0.014703073576571449,0.005481716107800061,17.412005414364007,32.855334100528346,STOPPED
0.061846558702260836,0.048461056894050704,0.039054886867968645,0.08667623955522782,0.013416432876563657,0.01110740719981357,9.121983537883377,31.67789817892048,STOPPED
1.7835152476734455,1.1657586685900903,0.6222689837662541,0.5285898736884055,0.2813998248117552,0.1845818714826643,707.2826464656366,40.27300673968883,UNBALANCE
0.05092729631777646,0.049255188921101235,0.03144674872249528,0.05083971333365209,0.0345976007650809,0.025193084831848064,9.153334751434446,29.710725566027953,STOPPED
0.22239053538658854,0.2622239784217356,0.19226125999738058,0.263615245706483,0.35936949249195305,0.12839395343216548,876.1830262475913,81.23316825516704,OVERHEAT
0.5731447366566303,0.38123406446716834,0.12739426004832954,0.5301772307266398,0.5774805253516159,0.12762553303981794,852.3730159454027,81.55610673966949,OVERHEAT
0.4350103575310087,0.2818072504856789,0.12458019525417714,0.4967715029599883,0.15617320338318033,0.06607946446479296,907.5729366758198,26.552801718617896,NORMAL
0.07248912352459501,0.011833412297961539,0.011135692195115177,0.04085463901100509,0.026741823894589702,0.021985505663161584,13.785390800691161,28.585039744701376,STOPPED
0.4168879433659858,0.24160969591505774,0.0760125487480523,0.42405044355471266,0.15759096788104163,0.039278361942666457,988.1818745549904,69.5575441519418,OVERHEAT
1.7535238434234328,0.9747414693221199,0.6718522765403532,0.323587619403091,0.34031114479450164,0.059741477693554715,815.8061990086695,52.74042639906616,UNBALANCE
0.45399880640322937,0.21902672830292888,0.08137696678144764,0.36315406824418484,0.18060071316129833,0.07566156325272794,975.9431124102308,34.90616191801567,NORMAL
0.004832759276373511,0.013343699455986525,0.014577684619205717,0.06765090691002391,0.06188308935048545,0.02695214018680263,15.128357017088794,28.71400819978302,STOPPED
0.3209590974243849,0.3508499225584534,0.16677249837397512,0.3349486962441185,0.2697068544241482,0.04722460044833353,977.7613338941354,35.07569132642833,NORMAL
2.1607151449969964,1.001988804847986,0.7158810512211261,0.3311237742815248,0.5332879584785233,0.09854479341131775,932.9450497814618,34.484737671467045,UNBALANCE
0.44739039137856185,0.12181122621816305,0.09894303780050986,0.4377805462791333,0.24774167072433276,0.044408237416325644,961.4820893085337,26.703400808187954,NORMAL
0.48969674881828124,0.3769405005595853,0.18132945256236843,2.1039866013086117,1.917459733925785,0.3586544124565263,971.5116436409814,42.63742308129393,OVERCURRENT
0.4231008926547234,0.2148258384227262,0.18894083688464736,2.3706241893756164,1.9872528628317645,0.18526056022750886,949.0959658535048,47.77744226912378,OVERCURRENT
0.38300318474550443,0.3969513706008334,0.06807235977886757,0.262108921354167,0.41278578387951237,0.05492464006382265,865.2484765908974,83.1154568610641,OVERHEAT
0.3006309060647393,0.34705985030443753,0.2426031896650876,0.47985321345101584,0.26248611095266616,0.13856243943066343,999.7497644902112,78.35058564616759,OVERHEAT
0.38461610585910533,0.38603048377078075,0.11034853610183673,0.3217841584505684,0.211605710281618,0.020897972820855024,919.9137654577096,35.85923057972199,NORMAL
0.2287784221533826,0.29977415082668635,0.16851268280594842,0.4756430047802157,0.3507311663393864,0.06972628806816697,966.1247043088468,33.72795777302588,NORMAL
0.49225814827575237,0.16816386928549593,0.21800167652158497,0.24619147797951813,0.19693595874850395,0.11334681453081703,955.6784267179776,81.00602044288391,OVERHEAT
1.8562315206708557,1.1122676739232036,0.9769985621237558,0.5439500286114501,0.6076908134779524,0.10644288942635577,848.8836121411262,33.0145795151303,UNBALANCE
0.07096502012438455,0.025103377580085896,0.0025955243071495884,0.01281219625410447,0.0669988045823526,0.0019262324188751632,12.75866324681824,40.25687719012833,STOPPED
0.09707367696022828,0.010073751367128125,0.02133897873304784,0.05802292645531372,0.019700157395129106,0.00964035387501005,4.474080391829338,43.671199442069415,STOPPED
0.5949677683433225,0.35016161052417716,0.16024791241698721,0.15520782556254478,0.2707280825025794,0.09030350215264339,918.3329668831891,30.53831742849634,NORMAL
0.564804091946778,0.3916708367638637,0.11561063048501775,0.3434363751853131,0.38013849911757425,0.08714298559891291,900.4113794967649,29.879772570627154,NORMAL
0.4983714528569546,0.12396875960673077,0.08538543740333182,0.3594443353851859,0.12700202346551792,0.08731633939563416,926.3836903417421,34.00680196911438,NORMAL
0.019895104736757874,0.04472566696974534,0.004668663574425025,0.0022936699916611624,0.07402091984373756,0.0168895832095638,1.197537409512115,43.37184434351791,STOPPED
0.3632891592818558,0.20085344971413002,0.18933369755135465,0.23123250073722398,0.1724534716087556,0.038014066513844515,939.8875500932539,27.146032603627013,NORMAL
0.531915880741995,0.1815514624506278,0.10039931694519022,0.47415083514366174,0.28642830286157295,0.060399547136525636,856.3025426570479,84.86095249396223,OVERHEAT
0.4432062740701509,0.2153039833637073,0.1833732125539373,0.5412881209626756,0.2576809275080756,0.1056331790044552,932.2972372868154,66.65860042754824,OVERHEAT
0.060950232444538746,0.006390089576103259,0.03859399054091591,0.015430846868150029,0.04094579961471471,0.00761333569021843,7.354521584965434,43.55354651449606,STOPPED
1.607703403743673,1.1940253966967433,0.9689428639635279,0.7992364844003224,0.25772222554363927,0.05001972840087536,922.1804204644463,34.417758225031726,UNBALANCE
0.39647075687185235,0.3547444091238078,0.06762979234059784,0.4495035655815689,0.30025215787577386,0.04830771680704676,961.7246930018771,33.62925026695139,NORMAL
1.795218025137047,0.7685924183389524,0.5350322716761498,0.7617996657793762,0.21176573500822943,0.09603819072697789,798.7394027692848,49.514338398841275,UNBALANCE
0.4071519142054736,0.13263597818755202,0.0873885675039152,0.47556016634089493,0.270713613980818,0.04486906631000281,904.9114324010012,27.820351492937323,NORMAL
0.6289172779450404,0.1602520557326863,0.14042129343143123,0.5780490723924898,0.5587288329402014,0.0715493869249713,982.7138481087391,69.75351956346957,OVERHEAT
0.06770591956390852,0.04131967271202569,0.019585576739443472,0.03871640245657451,0.04371656484604865,0.009660750558639488,19.63831139361647,39.08746510627386,STOPPED
0.31974479661231603,0.11670242434416325,0.10189389931601776,0.4406296165851411,0.3691575316002924,0.06327290743195428,995.1361569852247,37.09962423317812,NORMAL
0.28829536655247845,0.2315082839135297,0.1281948374862858,0.3057055239681836,0.32928225798011024,0.05998846826500606,947.8912210445093,33.01711710208845,NORMAL
2.0236615229843506,0.9005541316139571,0.7120411596096023,0.7537509712306667,0.6207354268662016,0.11462746853832391,726.7240294148145,48.48410112355662,UNBALANCE
1.539834720608773,0.9881860985041871,0.8441480779846685,0.42758886162025317,0.4274874538858042,0.08902795883340146,805.3295393644855,31.525130673048192,UNBALANCE
0.5999984787227137,0.23936820238412765,0.10745865562347118,2.2199718945869025,1.4779938771908998,0.2718510665066183,869.8134113904495,41.28130975737219,OVERCURRENT
0.5989905150224173,0.2931816004805423,0.11018151282963982,0.5759533006435195,0.5558613821804058,0.024201220904519705,904.6310216398829,62.11021293445125,OVERHEAT
0.038607344524617726,0.008771256100352925,0.03316259873684715,0.05096095828560146,0.06793615334944048,0.012983811432727945,12.579785150825867,38.50654989143936,STOPPED
0.26540889767963666,0.22925148186169175,0.08964318616260994,0.2930605268385496,0.5325357884698584,0.122000756267162,927.4545825599105,78.33043715168324,OVERHEAT
0.5361533596660752,0.14145643448276263,0.09751095273649722,1.9774831836018212,1.6541222467745842,0.11993881697230534,989.0285704152798,51.471004720411216,OVERCURRENT
2.01455068305766,1.078589667614426,0.664558341748662,0.5641654128263556,0.3641863758181516,0.06574198539866202,870.4596630139097,46.043962486008766,UNBALANCE
0.5754518634057284,0.14175572878760087,0.10629921329203645,0.35446618469598523,0.25609108295966654,0.050696161416996774,871.5492040252129,71.83274437397796,OVERHEAT
0.060513073744422545,0.02077217069241314,0.01931747055295089,0.0313384984300275,0.06451363611519563,0.007365881534043487,13.78213670853883,32.910727593286126,STOPPED
1.7351814393809364,0.8868386608968333,0.9889719043171936,0.6530417700146042,0.6061772070508067,0.0810375290644128,879.7813741541977,32.69127740516046,UNBALANCE
0.6376577296576664,0.21615032199558576,0.22731741513472076,0.3617713023822321,0.3972556346523951,0.07768488769998859,914.377665867684,63.11804751455168,OVERHEAT
0.047681563670224913,0.04910546415593897,0.01014013366242323,0.044277825260031135,0.023855807201657645,0.021350842019685446,12.829614296024053,37.86021778632349,STOPPED
0.4632640692704909,0.14821822246751662,0.1410966915469924,0.20249817796278036,0.15830716308174966,0.06074046113783094,943.2249294939754,76.3507679659088,OVERHEAT
1.8863973702919798,1.1781482181884728,0.5312389085570832,0.6356241016382691,0.46893862241054873,0.12528114072508614,943.9720440905812,49.23644480217183,UNBALANCE
0.5612095438175301,0.3922147550180134,0.15515346980924163,2.202835621053641,2.008263165041624,0.17592002245494712,815.0006963539081,45.60516132106128,OVERCURRENT
0.388155978383653,0.39649854020564945,0.11213389652479241,0.3214511567043038,0.15912921334520114,0.07197902015633277,956.3419113995204,34.07945112202303,NORMAL
2.0189654510664337,0.9666150665071828,0.5075821104159257,0.7415236739123954,0.6159068854764491,0.06331230585242424,896.9757561269809,37.7179212010259,UNBALANCE
2.374700407201585,1.1983147955908864,0.9441937036412659,0.7543112819065547,0.5035597549490431,0.05054518115523977,882.3024758479318,46.86181358297486,UNBALANCE
0.07271297254595559,0.02135092365496019,0.020178201093972076,0.05485087577234761,0.043577793562329124,0.02527725601998208,10.858784433038613,44.059932907869154,STOPPED
0.2148547008600306,0.3352870643652472,0.15910755572287252,0.46716316906518823,0.2450198188133555,0.06730224123413188,969.3644540508184,64.52061970564179,OVERHEAT
1.8416006682927306,0.7084362443376141,0.9454608955928129,0.517137225904208,0.4787761016312354,0.1258751131319345,939.2216528542095,35.86893765271152,UNBALANCE
0.4803886837664986,0.3196337139427142,0.09055296042498802,2.020644996010026,1.863815029118578,0.26091838511217935,840.3073939033054,51.84441803020401,OVERCURRENT
0.43624277961628277,0.17118400368355274,0.12604484454631626,0.527927785742202,0.4351995567384599,0.07509207283895389,913.0276374940864,62.52250956459834,OVERHEAT
0.6884342281715621,0.23787095120563995,0.21396203267362468,0.6883523995567244,0.2175061207368641,0.09791791432871876,888.047668892043,70.90266304959376,OVERHEAT
0.418189253450133,0.32369812893251115,0.2206486318697422,0.3805799525938095,0.4694663852870258,0.0983932093306069,932.8567330915349,71.67505549518768,OVERHEAT
0.090015155567171,0.047405207856167954,0.03740013377733065,0.028922119791050582,0.006324059871115395,0.014070137421193696,18.566403884880852,36.7242796065638,STOPPED
0.07428575046682868,0.04396142882658721,0.013015308170288854,0.052512313978916564,0.03076860900606036,0.008280391862402727,11.867952692321253,25.907407098085002,STOPPED
0.242440879395769,0.10214905023903273,0.19541348413424847,0.23514853810515507,0.13019817788082794,0.09291803898961683,937.6232954040627,28.603140594767996,NORMAL
0.07115503063565401,0.017147581972447274,0.02865053602243115,0.06200271337447449,0.03779080272684968,0.011042332820386936,19.706770994097464,29.07164626879812,STOPPED
0.5796452284755444,0.3648812278425728,0.059675949483273975,0.5214116795591455,0.3998080991877976,0.0963215372250868,880.2406027404842,63.52540107824347,OVERHEAT
0.43493149137437526,0.2936629537286214,0.0647978226841327,0.36828481889962705,0.22188426455051435,0.056217031382733734,919.0548761672901,32.72466883397534,NORMAL
0.5845865674084101,0.1629665500900937,0.08035593371541831,0.39277871867711434,0.13667063569100701,0.03544479793793477,942.6509650080018,28.08119240765121,NORMAL
0.04132686468659207,0.005480951760605424,0.015796896254684435,0.0027906618131184335,0.029454233672120446,0.014181063794013096,4.316675458378305,42.76466581937517,STOPPED
0.43916080581438954,0.17834684717925464,0.12472918359819712,0.39313681122128563,0.19253648749651878,0.0928406260081535,950.6491336900643,83.93314011554413,OVERHEAT
1.7388620756819075,0.5882466996328513,0.863723917900884,0.6660865463045067,0.4955931706798112,0.07312807075817133,810.5859224304666,33.82741118008982,UNBALANCE
2.3592494430784265,0.9628929286722386,0.6141467295086531,0.4960437556159136,0.3307546709294691,0.1337336381213196,871.8306066246962,31.380228317156785,UNBALANCE
2.2848672934291354,1.0014171624717245,0.9648681019478349,0.6456587502116778,0.569142730411951,0.06594699075175439,761.1995846260762,33.76975068699188,UNBALANCE
0.03759003094656227,0.0017518125829620646,0.02569112486744985,0.039385916349137344,0.059643548224082424,0.00432824961624543,9.470890245683263,34.23966305787288,STOPPED
0.5938451582996136,0.33142146652945503,0.11581926351465666,1.6181568913315396,1.9530305933098258,0.39336071319204224,800.075530898129,46.0352380909668,OVERCURRENT
0.3256842950064156,0.1031860774754258,0.19969472141434758,0.47677711785543975,0.3752706311479953,0.03922551767534298,993.111430933072,73.20080522808047,OVERHEAT
2.0087796546197616,0.7147918638510676,0.5226984664548854,0.7283191246583595,0.22205186390532655,0.15495018869120675,793.6610560894958,48.34179271493255,UNBALANCE
2.161495766940322,0.701237862654129,0.5306898259363937,0.7362787944585933,0.2612291618459013,0.11543962134197966,925.089031184013,54.31945791889096,UNBALANCE
0.6890269364129948,0.22594324744452948,0.10028990696206541,0.297479653858225,0.48976048514780435,0.12167856785962007,965.4980625455155,60.93522947025064,OVERHEAT
0.6735056243765827,0.21897248192040716,0.17846786606203274,2.194220846069413,2.218192313030419,0.1499715469315533,905.6621508091512,31.683201799267856,OVERCURRENT
0.690374963784598,0.3056237282663065,0.24308074397402696,0.4062033417738251,0.2970032423127093,0.028314611436482437,894.2609541879531,74.50088900016993,OVERHEAT
1.7643230900599187,0.652845780455821,0.9054259758422802,0.5433090381973837,0.2725065548917356,0.1225641360209015,946.350730379518,47.289015487959745,UNBALANCE
0.31256713440573314,0.2870027259632105,0.235393203216561,2.1697629763005986,1.6544184166619038,0.16155034495954457,813.8238635175381,37.25824938203156,OVERCURRENT
0.5478564467006302,0.14259386205072763,0.12550945003304165,0.16422757536298496,0.18220857687551606,0.07604373445117404,921.0933469974615,36.44614988060849,NORMAL
1.886223893982088,0.8296453385679174,0.868322112890243,0.41581559955320996,0.3238458337196332,0.18589483355285835,793.4109892741687,46.48266179553586,UNBALANCE
0.3423483263378314,0.2846290035079869,0.22934012348167682,0.24796028356052735,0.5004262019609623,0.0272930415721303,947.2123320330063,79.22688783434573,OVERHEAT
0.0768440305057157,0.01349331734317904,0.04135107171296583,0.020927138239698453,0.06564511264348273,0.018071530525941418,18.049726358658873,38.06663271201238,STOPPED
0.5493672782968864,0.1517734469695504,0.1342109141771946,0.30264807198540744,0.5851129445624601,0.03910097358159082,965.4280226575299,75.14267899289045,OVERHEAT
0.07687586264323984,0.016650726529080753,0.020848342376192087,0.07584537425630464,0.025373257904318977,0.018140717691212355,5.221753934712425,38.72094401287565,STOPPED
0.4398683851771943,0.19584029747482024,0.05423540682270165,2.3223006627554583,2.014993425103381,0.1301789563723792,954.9765533050836,39.549320182512446,OVERCURRENT
0.20386562703973002,0.169077121242997,0.18791838417139556,0.3682703823117517,0.21422039373718876,0.07396665986105465,904.0588166701145,35.0556645529989,NORMAL
0.4121967052130533,0.2532154951705498,0.19211842766709025,0.5719610923550913,0.3074020705877392,0.0300486881502234,973.4706042475879,78.35515796022597,OVERHEAT
0.03191618617029495,0.024608739054534385,0.0020619796648932375,0.06401094737750851,0.030610035288425416,0.005166858959329348,16.136008660220302,29.355744338290158,STOPPED
0.4489028822468748,0.2647828690922108,0.11067913301716721,0.5757269743791398,0.38447691593368694,0.10866284745464252,953.5919519308777,69.06562514116979,OVERHEAT
1.897882066035749,0.9869198272412422,0.9518342298354591,0.4557412322785239,0.4444992533890233,0.0865905310054125,909.6665254191429,50.8908569888697,UNBALANCE
0.4994644246595602,0.35026008128145614,0.12007990261804534,1.7562530581006452,1.427492745986392,0.2910275825567295,935.5939752445631,43.399340194163145,OVERCURRENT
0.24694899657930763,0.3394535783398973,0.1003196371382865,1.6615628025893208,1.936785610616768,0.32916233564593433,994.122229818116,47.07784234162513,OVERCURRENT
0.24612947339238395,0.21266169590501138,0.18221541554306225,0.5202063576594277,0.2380882298574098,0.08750902836430685,858.7155632668748,84.15390766747238,OVERHEAT
2.2292870222099848,0.963222007440541,0.9772368321445676,0.48733227148168945,0.4126681793331721,0.1118164117460152,739.8616977439409,46.108256596768385,UNBALANCE
0.4137419896530593,0.17684029718891173,0.21869704516020588,0.31762106457953926,0.2465091607673039,0.036902930319407765,885.5256164604474,70.11282231965957,OVERHEAT
1.711243982092721,1.1093951515467142,0.987112394373503,0.4840827733956235,0.25145537121174916,0.15741910663188222,767.3385081989722,35.10649909300609,UNBALANCE
0.07153301284472101,0.01302787668196902,0.011706543135029009,0.0840996288612098,0.004033439345311374,0.016825921467788905,16.154238140337764,34.19844557790128,STOPPED
0.08304076590185466,0.01913203054850625,0.020975975058610638,0.08344439187321241,0.037609604304078115,0.008230579343896009,2.1423279664739114,25.226295058371193,STOPPED
0.4353751637643008,0.31915158810332617,0.13044635071904448,0.47245772708040623,0.3329340327309398,0.05010872813612337,974.8192698099742,36.31873236722641,NORMAL
0.24804972511652768,0.3170730684461259,0.09289954421204748,1.8241956430592081,1.5568033902038831,0.29985568537710977,882.4416953826483,49.587366890364784,OVERCURRENT
0.6870273345076852,0.19899124484299396,0.21658745653176953,2.2146631183508307,1.5040733651155649,0.21651277346275555,895.0620937480977,43.33094965214874,OVERCURRENT
0.69789519221463,0.1887054248555341,0.17805964090752469,2.2841122100450217,1.5704610774380048,0.1615488737515543,872.3210435124353,34.716674832537464,OVERCURRENT
0.6686036779074244,0.3944135991318657,0.20643791535524914,2.2738728635330427,1.6334181794523863,0.2101534677541375,931.0821665841127,50.52867919447135,OVERCURRENT
0.4391479928812544,0.26391624459175106,0.19730792715605677,0.41579000364593366,0.2497812047783588,0.07029911892933155,940.4889101666951,37.15858231227885,NORMAL
0.35345747334797806,0.3906092266376775,0.0900478922485835,2.293569517277436,1.8846889831601168,0.2320389488291169,969.4449145651712,33.388065890772396,OVERCURRENT
0.3987229127285167,0.20675620405711914,0.07633580728321017,0.22504089190206356,0.12165806488175834,0.0792587128784428,975.1504877050573,40.99439393763501,NORMAL
0.27130308298996764,0.2373260779454357,0.17387779040493778,0.6893696736216542,0.5758382763455836,0.055572674607414524,856.1246214070657,68.46915066220178,OVERHEAT
0.06447342332462551,0.019550463669379754,0.03538469526345205,0.026902637903254003,0.07855602191862064,0.003757031961221232,0.6363782036968102,30.439514697414822,STOPPED
0.6842295988938012,0.20124178038808582,0.1983767587883069,2.462156162882411,1.7823636440350565,0.25927109757622746,844.7648054221754,41.63766721713378,OVERCURRENT
0.42860326943678084,0.2848148575701579,0.09892972814980261,2.329656234473773,1.8989537245702284,0.26261690011647953,998.2700142768775,30.55312298247106,OVERCURRENT
0.5856933428266204,0.144342842231961,0.17587621619999577,0.2870250905814157,0.2863124296402744,0.04115952797023475,961.0783019341702,36.80195239755353,NORMAL
0.056435868274052337,0.04131436354895985,0.004513997911190376,0.05644398264678703,0.009631778023746129,0.027568895804715554,4.532233101193441,31.867076770099526,STOPPED
0.43981132512265175,0.302864050980321,0.22097526317381955,1.723622225231681,1.7230748533372073,0.17807985914921942,920.5789652079925,52.03078799684529,OVERCURRENT
0.39497940656208275,0.3607900659133161,0.22121448937636445,0.4311522145997826,0.42475848456966503,0.04195036123735462,955.5647957499191,72.02718728986227,OVERHEAT
0.5336883672206862,0.25840102182981906,0.14017027220380263,1.5894792499311816,2.042420004432475,0.3147964804304514,854.7463323268747,35.071880236605736,OVERCURRENT
0.32242103051664905,0.11767298836862303,0.20459548885894902,1.8155522762006657,1.7994955667158514,0.32510662852810646,925.0239966264833,46.08134683988342,OVERCURRENT
0.6458384926366929,0.379778544365972,0.09180253124562299,1.9870601242686292,1.4737125087689638,0.2671021378310814,818.5441550506772,42.410861878041445,OVERCURRENT
0.25067398010032477,0.160501680560304,0.08736987834119563,0.30272834761968254,0.34837856686870416,0.04300302702031937,975.3663737695161,35.41618513481351,NORMAL
0.341376731989901,0.10056466396678089,0.10808992232292083,0.2989211241370301,0.25306611076378155,0.02252548164416579,968.4237222468092,33.30487703550877,NORMAL
0.08918022959858901,0.0050608387682804686,0.043682273833411,0.009849514993967023,0.0644036867771868,0.021589967588095758,10.302573268635513,32.809999778497314,STOPPED
0.21223383708376542,0.3589008344620619,0.24181015700241676,1.7255929019616068,1.691948770082424,0.27027213658154936,928.0729734945687,46.888451361947084,OVERCURRENT
0.4227755119257698,0.13787545379447352,0.06286818990376448,0.6690626709227065,0.2289688005917206,0.037398400177881506,860.2145354094381,73.5683089578961,OVERHEAT
0.2511873179336924,0.3766090974190792,0.24936235185518368,0.5796974338496348,0.24155439832973447,0.10239222723078067,870.2496381102513,69.14153090511368,OVERHEAT
0.591621831735158,0.27080676324830527,0.16371019699120465,1.7883881144088662,1.5046495231634909,0.3527653534822135,800.1663499906792,43.85765124305916,OVERCURRENT
0.5021630778163495,0.11647885426011137,0.19216486739050326,0.1713301730270802,0.13989989546540127,0.07968834697993589,920.6162225008924,27.018404005133082,NORMAL
0.32287016545581076,0.2582195042335286,0.089742390088931,0.1989284079499772,0.11661088330874267,0.03370132661666588,902.1450245989557,37.27823654539006,NORMAL
0.04612885471766015,0.015095687267557124,0.0116131235246682,0.06646198803025592,0.033847804050779536,0.003325047518714976,17.44034447813856,26.948757764264755,STOPPED
0.3403700847306558,0.30512685554144314,0.05031741936285804,0.4738464368410469,0.3764263358445371,0.03599085501122649,945.8860674772922,41.36082799021773,NORMAL
2.4669698180638853,0.7329004246420816,0.9000152693326919,0.6846121899641606,0.28371701202034555,0.0694539719592106,813.8038887075768,37.626384724793915,UNBALANCE
0.2510989345005749,0.19316585170183875,0.07422525658739532,0.28507946304468984,0.4712670286158803,0.1320370635002252,928.1644226508405,74.32743455091317,OVERHEAT
0.07736620463856592,0.02395083249109563,0.021892877557617593,0.03216268808186166,0.06921255684842485,0.028632414156501074,15.980493686804945,43.76618993943804,STOPPED
0.3899407398228021,0.10704336560527344,0.07752847590943224,2.318841920344438,1.7975473143382756,0.17831299810921836,976.297509200195,39.532850872897754,OVERCURRENT
0.6461174301821577,0.133887077171093,0.15178072722726957,1.5456377371345091,2.297962148578268,0.39429610980562435,834.6413527702454,42.13910213278821,OVERCURRENT
0.06821191147686897,0.021941467529217218,0.04793696581656639,0.07385021767194641,0.03656788627416462,0.023881665539942483,1.7256514317436933,37.8595929518737,STOPPED
0.24796820683402854,0.10570603910357207,0.1557623668475453,0.48319376767768146,0.5772290223213209,0.034034152563935736,911.5722192962162,71.17877519941325,OVERHEAT
0.0861008225000813,0.029934674858206018,0.02445103873594981,0.0012690525285496636,0.004036401146804147,0.01920880691796162,9.046243523979188,26.179541047015892,STOPPED
0.5950085754608029,0.29491199502361776,0.12216023689788562,0.3415714384665456,0.26735983256583945,0.05019407650623377,932.0635389007084,33.24844039826925,NORMAL
0.6565065765952675,0.2645443174022585,0.18693095714447833,2.2806247315366193,1.9162716130627646,0.33010710665050536,933.5984228329403,36.62324746963196,OVERCURRENT
0.2076655744489328,0.19371229227680192,0.07749412981388917,1.5079596315731556,1.5826949550186291,0.16349809644774183,927.6517465829054,40.8798197995299,OVERCURRENT
2.276320746169472,1.0552605997603806,0.9343975899926318,0.5638565602505339,0.5709937701120388,0.10008352422572382,800.893038394429,37.7309747264109,UNBALANCE
0.5756986895064036,0.35991571621947605,0.07159481675793004,0.4955547478045943,0.392294532511981,0.04070882951218309,910.2699463526002,34.015724133644966,NORMAL
0.2505950975188274,0.16586194316165187,0.09524187877523872,0.25139493021620224,0.15049244722498262,0.06027144989329608,962.834487160526,28.74406025347772,NORMAL
0.6463728139374725,0.1389434967984716,0.11486506689513694,0.3345787748964313,0.2572378173909086,0.07987502783585605,946.6281720444242,82.05832674805275,OVERHEAT
1.744871800493211,1.132794301187216,0.7837346406001005,0.6779514457100173,0.20014194466068191,0.134020908289182,812.872272305856,35.600577785473064,UNBALANCE
0.32985152700097053,0.30568580857511396,0.13986263213429634,2.3891580844147606,2.035793766695968,0.3788599297899936,974.5205125011094,43.816260682092675,OVERCURRENT
0.5540386105880873,0.2968382465797697,0.1904983837083417,0.4628292770529723,0.23110821302791737,0.07848243006045062,976.8270857079222,40.0178138160405,NORMAL
0.43337762466750196,0.31474623292907233,0.1290536147158972,0.579403450145595,0.4692851756419556,0.1464296279871326,995.8693526669508,61.8632776286085,OVERHEAT
0.307066882942182,0.26629307568369076,0.09102656369167156,1.5228541382913297,1.5396823999891858,0.37444739573071917,924.6486293193962,34.934250344857816,OVERCURRENT
1.982703001499408,0.5358364184412567,0.5472006680029167,0.3128390317393287,0.6958876235911137,0.13758808434652914,870.8877189805268,51.08869441159768,UNBALANCE
0.038363043317263326,0.04208498011800027,0.03421613922943303,0.06421118569012647,0.05209270689750167,0.010608197473914288,7.76397261986604,33.3422241206468,STOPPED
0.24736860551634005,0.133024526259216,0.0919900352953984,0.48192383422208673,0.3158169500018069,0.053611297340655575,976.7337783960895,32.122490437962796,NORMAL
0.04456444519785481,0.03710834778133714,0.006522696127852207,0.022056640268874297,0.025805830314359523,0.027537593815116303,5.961146482399946,31.298390336769074,STOPPED
0.6620244325727054,0.2593288690041359,0.1518136789320384,1.928354633550645,2.2062282544957545,0.3788721006445046,993.7674657898997,54.03861689174268,OVERCURRENT
1.5339538558208625,1.067127318354095,0.8536670965782154,0.4399229068272513,0.5922308855948089,0.06595830893930293,851.1429297279954,37.34092449399122,UNBALANCE
0.4931948249830709,0.10123374232732946,0.24555308912550472,2.4341619204209124,1.924622033967446,0.13768226714523543,930.6116538111411,53.2367059274076,OVERCURRENT
0.25563241584311985,0.3315412629090484,0.18389692456605405,0.26061488863309956,0.38698251771876,0.049913722301665624,941.8186298119892,38.7644146313518,NORMAL
0.42006483538375294,0.2317431865413507,0.2478421759738807,0.5100797929364366,0.21955029450898644,0.034728696534099324,952.675018479482,76.77494164669673,OVERHEAT
0.22109647805249177,0.3032453908026638,0.2422347474865354,2.391338546111536,1.5724331114084569,0.14362910605268747,943.3202390981833,31.615182491149643,OVERCURRENT
0.09060628849169564,0.01322269964922107,0.006895776771028872,0.06743541366934157,0.00139101847691677,0.01897433430608754,1.0819948819147696,37.31359713377976,STOPPED
0.5821226980479963,0.12700171156123735,0.21163807466548623,0.44411333143546206,0.38125194416517055,0.04371649251372681,866.9805981399306,60.174051158506956,OVERHEAT
0.01478694150120844,0.047388626752862505,0.03931856119142077,0.03824294793832979,0.04548519029813985,0.02050332211273009,9.276022386316892,33.28602799150734,STOPPED
0.3514030399823563,0.3320470560292248,0.09264980021979743,0.2647660277217214,0.31049789007947226,0.05454897908553588,953.4864119398849,26.2744359295256,NORMAL
0.5806843559491763,0.3557246315207033,0.17536933999897614,1.6187921466218578,1.4544449436812195,0.1736332414284805,924.408789849262,42.82171340912973,OVERCURRENT
0.48128201485772587,0.23624087987620823,0.1306460110054079,0.4519900269532241,0.21537312875747625,0.06885247677380564,984.4679538378855,44.71982203479759,NORMAL
2.0384801520533835,0.6181749525900051,0.5140906573587394,0.770226768596227,0.43525850082256334,0.14818755959465074,705.3683206710933,49.245452465427164,UNBALANCE
0.07753351512395033,0.04755724755484592,0.01158636902536307,0.0025183009232954134,0.019482703899146633,0.022659743697895265,16.843839474475168,30.241301539549504,STOPPED
0.3123214158531747,0.33342564886026105,0.06106091084804657,0.4203763299505543,0.27203799638713444,0.08204157257433325,964.5341801578246,42.69569673974472,NORMAL
0.25682530843731227,0.24330790083721895,0.05497807691597863,2.075403884091363,2.130307369863708,0.15040721447496125,834.9075084248253,49.167441147775605,OVERCURRENT
0.23064794560056867,0.22464817943199406,0.15694306861495427,0.6325695622121086,0.3358079242852219,0.06548346496386476,981.1614727167212,76.79157258838946,OVERHEAT
0.28682331743083717,0.1096640222443894,0.14798749436043038,0.5650084942195444,0.44375109255858636,0.06300398385760851,863.5845469116143,63.97180510278473,OVERHEAT
0.23388895331428344,0.1445692660996584,0.0528756090283147,2.3885249166607885,1.7096093039356353,0.19186798640385988,852.6653798484207,43.905137037028965,OVERCURRENT
1.8667047146249032,0.6020991966734112,0.6560581540631423,0.4222397615376753,0.667853783450667,0.12969946969145507,748.170154269004,30.534277962137832,UNBALANCE
0.007270449572072946,0.04968922058373325,0.010506577768579535,0.011528207712716365,0.003399421249637715,0.006704185936603312,11.146417492037681,28.59345987393136,STOPPED
0.42960110023080467,0.256095644610305,0.1765540002966035,0.18869907943926698,0.10654854023061118,0.053446677507679285,917.8782620592929,26.27236647304855,NORMAL
0.6792709705330724,0.21852727901811178,0.0518860038470135,1.5357225225455302,1.5644773873556075,0.20928996531884053,897.5651307776668,53.84305938173705,OVERCURRENT
0.37294491561180876,0.16372858967592724,0.08073371059766184,0.30198857958385206,0.30953709114055494,0.07288449571698427,967.7554007082488,40.55977498100796,NORMAL
0.31693354050365086,0.3618845293261036,0.07828943718715614,2.468306991938241,2.0702257994089344,0.30495719730951143,981.3514685537684,52.61640529932092,OVERCURRENT
0.2807764047274316,0.1092686474609476,0.19000187171648436,0.3904237640229262,0.216768096461343,0.08148892546249188,937.616815932925,28.63973109767682,NORMAL
0.4815672066682511,0.2714725240225262,0.0713134118650012,0.22498929099619874,0.11703454276330547,0.028990563620432265,982.8134058811348,40.63170306751444,NORMAL
2.299423882540085,1.0088589365820426,0.5183520586880714,0.5662007424047124,0.6359258275604749,0.18414049741078853,760.9645957968086,52.63503130953249,UNBALANCE
0.22138325501291972,0.117656995154764,0.08129482959467521,1.8909698766828618,1.9054139222609552,0.27764795411354837,823.6382726186505,48.79195365970353,OVERCURRENT
2.0805499428462495,1.064904019311499,0.5077488194429062,0.3403468128121652,0.4746568214925385,0.07805172805642135,765.5559069108078,47.41431184470288,UNBALANCE
0.024783409435811532,0.014607829808225364,0.043149033115016895,0.06413893436772855,0.026661990588374176,0.003685157103374377,19.89901950270022,42.58121172598975,STOPPED
1.8270310729231471,0.9852472222949447,0.7592650060642043,0.4670176312757198,0.46021318026097385,0.1203996580452082,806.5020992427284,38.08323046563234,UNBALANCE
0.4466492056646816,0.18151686236851305,0.15146219628706425,1.8311850989927614,1.7524294625029226,0.22145022388436902,981.8407456915104,53.48614442629032,OVERCURRENT
0.33415201901869845,0.2004717026698473,0.11948090331308646,0.22758584118262787,0.23242235207736014,0.04091167985406968,964.1775804658938,41.436845749986205,NORMAL
1.8091916637271286,0.7702054626808211,0.6365705235941429,0.521114409841088,0.4141020648044669,0.15293076607543454,815.3482498217052,46.22061962329908,UNBALANCE
0.4434569054328792,0.2316007369882035,0.14297309597294697,1.8380015995403332,1.776285186909997,0.3141988715176738,938.6483762661088,39.57430786258461,OVERCURRENT
0.04972095411195096,0.0272066461835402,0.00761445404552738,0.08132493194546697,0.04395181321085682,0.027075671889033648,12.79203468505363,33.61161389045098,STOPPED
0.3732245446305643,0.2949962013545835,0.08449932359287529,0.45832037937547554,0.28798212085936387,0.09013953982658741,898.8830432735392,84.88500819532219,OVERHEAT
0.37308094043958717,0.27854517787260813,0.19197270480883905,0.48974959579903393,0.21291603632376394,0.07715003544358968,906.9872780955973,81.66575275087567,OVERHEAT
1.7990947680974807,1.0294624321315273,0.8412806456053241,0.4579404461126525,0.3208581609186859,0.16903773508085657,874.1287918873381,32.36301971381439,UNBALANCE
0.48523305036962056,0.3256411479183018,0.1316316945056804,0.21896526385451137,0.17498518103791377,0.046240340395175314,917.4244714332756,43.708558388903185,NORMAL
0.05851278063753839,0.0020645670918263415,0.02110283744827777,0.0902736458413527,0.06559994616209959,0.004440800537557601,19.2869902798251,36.53764204764012,STOPPED
0.48432561832038645,0.10264456696959179,0.1894007562574393,2.3439168017241716,1.770768741168488,0.12671000318647246,800.9898910375612,38.653752770581136,OVERCURRENT
0.24274655224053066,0.3392754403800464,0.15355996928908813,1.915852372245697,2.138685744082834,0.3363094638277996,909.3283902730373,51.55967062823204,OVERCURRENT
0.036791389376212305,0.01214911061708417,0.012967595235197206,0.07214528869031807,0.04729363623890927,0.019849731918272037,14.358897053675289,39.28781175839136,STOPPED
0.44727490397065894,0.20021439548298775,0.15894885011783033,0.2589844634665426,0.1823860639731586,0.06876345928587793,979.0078677928038,29.557223827956363,NORMAL
0.4031797357335131,0.30022117822012073,0.082519093799171,0.3989004782828255,0.26211979682135456,0.04366852538576388,933.8900108408219,41.84004848827261,NORMAL
0.3381506321125579,0.13534449450816052,0.2155514380816006,2.4511679274635068,1.5840688392011624,0.29954920732656765,928.7336889459846,51.62236683467045,OVERCURRENT
0.4959127296954878,0.35045687977356565,0.1670618240843993,2.0337041769027007,2.214424773047684,0.2419290280998139,992.0612762211474,33.9942435307506,OVERCURRENT
0.3652967669496739,0.23885566062576022,0.12582365280972707,0.17092964302290378,0.32116703886039694,0.09010314657849411,947.2950725723495,39.86919836512807,NORMAL
0.3182743753479565,0.3534675052116092,0.1845968510325392,0.36013472461798535,0.21771032514488464,0.0635845062191403,946.6918788361811,38.464688292224864,NORMAL
0.33329398079632305,0.14746947246488423,0.06899387438108838,0.2576056640326105,0.1091261237990374,0.0834531353429969,922.2109225374802,31.334594122178803,NORMAL
0.4498503983053067,0.1384326405741471,0.1867106547132309,0.5733862448392867,0.3317175328838317,0.12552454653209752,898.0730198389937,78.56419307965102,OVERHEAT
